Name,Address,Phone,Email,Website,Google Maps Link
Fethiye Sürücü Kursu - izmit sürücü kursu,"Tepecik, Fethiye Cd. No:29, 41200 İzmit/Kocaeli",(0262) 323 77 70,ajax-loader@2x.gif,http://www.fethiyesurucukursu.com/,https://www.google.com/maps/place/%C3%96zel+Tar%C4%B1k+%C5%9Eirin+SRC+Psikoteknik/data=!4m7!3m6!1s0x14cb4f80f36b0ecd:0x35b743f5dc8f8458!8m2!3d40.7722457!4d29.9518991!16s%2Fg%2F11hyspkh1p!19sChIJzQ5r84BPyxQRWISP3PVDtzU?authuser=0&hl=tr&rclk=1
Başiskele Belediyesi Neşet Ertaş Müzik Okulu,"Aydınkent, Hacı Mecit Blv. No:39, 41190 Başiskele/Kocaeli",,,N/A,https://www.google.com/maps/place/Fethiye+S%C3%BCr%C3%BCc%C3%BC+Kursu+-+izmit+s%C3%BCr%C3%BCc%C3%BC+kursu/data=!4m7!3m6!1s0x14cb45804b91f995:0x8565b4c5b1af23b6!8m2!3d40.764503!4d29.926035!16s%2Fg%2F113gtv63g!19sChIJlfmRS4BFyxQRtiOvscW0ZYU?authuser=0&hl=tr&rclk=1
Sabancı Mesleki ve Teknik Anadolu Lisesi,"Alikahya Fatih, Fatma Seher Hanım Cd. No:1, 41310 İzmit/Kocaeli",(0262) 319 25 62,,https://www.instagram.com/p/CQwInGzoD8A/,https://www.google.com/maps/place/Bemol+Piyano+Okulu/data=!4m7!3m6!1s0x14cb4f1f05213e5d:0x4b3b420cca4556fe!8m2!3d40.7703481!4d29.9686824!16s%2Fg%2F11hyjmn5mw!19sChIJXT4hBR9PyxQR_lZFygxCO0s?authuser=0&hl=tr&rclk=1
Gölcük 15 Temmuz Şehitleri Mesleki ve Teknik Anadolu Lisesi,"Yeni, Ali İhsan Paşa Cd. No:30, 41650 Gölcük/Kocaeli",(0262) 422 01 22,,https://golcuk15temmuzsehitlerimtal.meb.k12.tr/,https://www.google.com/maps/place/Sabanc%C4%B1+Mesleki+ve+Teknik+Anadolu+Lisesi/data=!4m7!3m6!1s0x14cb503cb5cf975d:0xb0d4c7ac8a5cd48b!8m2!3d40.7718796!4d29.9857415!16s%2Fg%2F1vvmm87q!19sChIJXZfPtTxQyxQRi9RciqzH1LA?authuser=0&hl=tr&rclk=1
Anıtpark Yerleşkesi,"Cedit, Atatürk Blv., 41300 İzmit/Kocaeli",,,N/A,https://www.google.com/maps/place/Ba%C5%9Fiskele+Belediyesi+Ne%C5%9Fet+Erta%C5%9F+M%C3%BCzik+Okulu/data=!4m7!3m6!1s0x14cb451788935373:0x579254eafc2d2648!8m2!3d40.7078836!4d29.948485!16s%2Fg%2F11k3nxcbgs!19sChIJc1OTiBdFyxQRSCYt_OpUklc?authuser=0&hl=tr&rclk=1
Bahçecik Ortaokulu,"Kılıçarslan, Hürriyet Cd. No:163 No 163, 41030 Başiskele/Kocaeli",(0262) 342 42 44,,http://bahcecikortaokulu.meb.k12.tr/tema/index.php,https://www.google.com/maps/place/G%C3%B6lc%C3%BCk+15+Temmuz+%C5%9Eehitleri+Mesleki+ve+Teknik+Anadolu+Lisesi/data=!4m7!3m6!1s0x14cb40ea6ec215af:0x99c73709638b41eb!8m2!3d40.7051137!4d29.8164104!16s%2Fg%2F11gbkxsjll!19sChIJrxXCbupAyxQR60GLYwk3x5k?authuser=0&hl=tr&rclk=1
Özel İzmit Kavram Anadolu Lisesi,"Ömer Ağa Mah. Alemdar Caddesi, M. Levent Ersoy Sk. No:6, 41000 İzmit/Kocaeli",(0262) 331 85 84,,N/A,https://www.google.com/maps/place/An%C4%B1tpark+Yerle%C5%9Fkesi/data=!4m7!3m6!1s0x14cb4f889a943e53:0x5b64ffc613c03a4f!8m2!3d40.7659976!4d29.9397674!16s%2Fg%2F11b7hps0jc!19sChIJUz6UmohPyxQRTzrAE8b_ZFs?authuser=0&hl=tr&rclk=1
Mehmet Akif Ersoy Kız Anadolu İmam Hatip Lisesi,"Tepeköy, Zümra Sokak No:3, 41060 İzmit/Kocaeli",(0262) 324 30 13,,http://www.izmitmakifihl.k12.tr/,https://www.google.com/maps/place/Bah%C3%A7ecik+Ortaokulu/data=!4m7!3m6!1s0x14cb438ddac3b547:0xc5784c1c2ddf879!8m2!3d40.6728384!4d29.911672!16s%2Fg%2F11dfgsh7c0!19sChIJR7XD2o1DyxQRefjdwsGEVww?authuser=0&hl=tr&rclk=1
American LIFE Teenglish İzmit 3-14 Yaş Çocuklar İçin Yabancı Dil Kursu,"Ömerağa, Şahabettin Bilgisu Cd. No:71, 41300 İzmit/Kocaeli",(0262) 321 00 99,"chosen-sprite@2x.png, izmit@teenglish.com.tr, flags@2x.png",https://www.americanlife.com.tr/cocuk-izmit/,https://www.google.com/maps/place/%C3%96zel+%C4%B0zmit+Kavram+Anadolu+Lisesi/data=!4m7!3m6!1s0x14cb45a9927be03b:0x1ea1f2b870cf5d31!8m2!3d40.7626924!4d29.9285037!16s%2Fg%2F11clvw0bsv!19sChIJO-B7kqlFyxQRMV3PcLjyoR4?authuser=0&hl=tr&rclk=1
Vali İhsan Dede İlkokulu,"Karadenizliler, Yoncalı Sk. No:2, 41140 Başiskele/Kocaeli",(0262) 349 31 36,,N/A,https://www.google.com/maps/place/Mehmet+Akif+Ersoy+K%C4%B1z+Anadolu+%C4%B0mam+Hatip+Lisesi/data=!4m7!3m6!1s0x14cb4e2bd39c2fbd:0x150e737b79ce3b95!8m2!3d40.7960722!4d29.971138!16s%2Fg%2F11cjnp277h!19sChIJvS-c0ytOyxQRlTvOeXtzDhU?authuser=0&hl=tr&rclk=1
Learnx Academy,"Serdar, Şeyh Şamil Cd. 12/A, 41190 Başiskele/Kocaeli",0530 408 25 11,,http://learnacademy.org/,https://www.google.com/maps/place/American+LIFE+Teenglish+%C4%B0zmit+3-14+Ya%C5%9F+%C3%87ocuklar+%C4%B0%C3%A7in+Yabanc%C4%B1+Dil+Kursu/data=!4m7!3m6!1s0x14cb5021740c5cef:0x2340eaff89947e3d!8m2!3d40.7619798!4d29.9284553!16s%2Fg%2F11c1n941kp!19sChIJ71wMdCFQyxQRPX6Uif_qQCM?authuser=0&hl=tr&rclk=1
İzmit Atılım Anadolu Lisesi,"Yahyakaptan, Yüksekova Sk. No:2, 41050 İzmit/Kocaeli",(0262) 311 13 50,,N/A,https://www.google.com/maps/place/Vali+%C4%B0hsan+Dede+%C4%B0lkokulu/data=!4m7!3m6!1s0x14cb45c1b0f0ae05:0x623b8e49f639f65b!8m2!3d40.7448434!4d29.9615768!16s%2Fg%2F11h07hqt2v!19sChIJBa7wsMFFyxQRW_Y59kmOO2I?authuser=0&hl=tr&rclk=1
Karşıyaka,"Sahil, 41090 Başiskele/Kocaeli",,,N/A,https://www.google.com/maps/place/Learnx+Academy/data=!4m7!3m6!1s0x14cb4542b8184ec7:0x32082f4ab0d9fc38!8m2!3d40.712605!4d29.9365776!16s%2Fg%2F11y98_gmhf!19sChIJx04YuEJFyxQROPzZsEovCDI?authuser=0&hl=tr&rclk=1
Doğa Koleji Kocaeli Başiskele Kampüsü,"Atakent, Zübeyde Hanım Cd. No:72, 41275 Başiskele/Kocaeli",(0262) 341 21 12,,http://www.dogaokullari.com/,https://www.google.com/maps/place/%C4%B0zmit+At%C4%B1l%C4%B1m+Anadolu+Lisesi/data=!4m7!3m6!1s0x14cb50203b29934f:0xc186f53da5be9896!8m2!3d40.7621734!4d29.9739544!16s%2Fg%2F1hcbbd134!19sChIJT5MpOyBQyxQRlpi-pT31hsE?authuser=0&hl=tr&rclk=1
Kocaeli Sağlık ve Teknoloji Üniversitesi,"Yeniköy Merkez, Ilıca Cd. No:29, 41275 Başiskele/Kocaeli",0850 450 2828,info@kocaelisaglik.edu.tr,http://www.kocaelisaglik.edu.tr/,"https://www.google.com/maps/place/M%C3%BCzik+Reyonu+Sanat+Akademisi+-+M%C3%BCzik,+Bale,+Tango,+Salsa,+Tiyatro,+Resim+Kurslar%C4%B1/data=!4m7!3m6!1s0x14cb45817b7c8afb:0x2cd54a7ee106d8c4!8m2!3d40.767306!4d29.9761015!16s%2Fg%2F11c51rg1jm!19sChIJ-4p8e4FFyxQRxNgG4X5K1Sw?authuser=0&hl=tr&rclk=1"
Just English Dil Okulları Kocaeli-İzmit,"Ömerağa, Belsa Sk. No:5, 41300 İzmit/Kocaeli",(0262) 324 09 57,"just.destek@justenglishtr.com, pervin.a@justenglishtr.com, info@justenglishtr.com, kadikoy@justenglishtr.com, kerem.a@justenglishtr.com, izmit@justenglishtr.com",http://www.justenglishtr.com/Kocaeli,https://www.google.com/maps/place/Akp%C4%B1nar+S%C3%BCr%C3%BCc%C3%BC+Kursu/data=!4m7!3m6!1s0x14cb457f72ee90dd:0xb2fa3c88841db911!8m2!3d40.762982!4d29.9292857!16s%2Fg%2F1hc7w5w9b!19sChIJ3ZDucn9FyxQREbkdhIg8-rI?authuser=0&hl=tr&rclk=1
First Class Dil Kursu,"Yenişehir, Paşa Cd. No:74/4, 41100 İzmit/Kocaeli",(0262) 502 00 52,info@fcla.com.tr,http://www.fcla.com.tr/,https://www.google.com/maps/place/%C4%B0zmitim+S%C3%BCr%C3%BCc%C3%BC+Kursu/data=!4m7!3m6!1s0x14cb4f8883b3c2e7:0x821aee6f9b616a0e!8m2!3d40.7654317!4d29.9392541!16s%2Fg%2F113jqjy1v!19sChIJ58Kzg4hPyxQRDmphm2_uGoI?authuser=0&hl=tr&rclk=1
Müzikçe Sanat Merkezi,"Kadıköy, Esendal Sk. No:45/C D:2, 41050 İzmit/Kocaeli",0531 989 17 01,,N/A,https://www.google.com/maps/place/Ba%C5%9Fiskele+Kartonsan+%C4%B0lkokulu+ve+Ortaokulu/data=!4m7!3m6!1s0x14cb440af4e8479f:0xeb462c0e70ca99f9!8m2!3d40.7007456!4d29.9022355!16s%2Fg%2F11b7q8rlvf!19sChIJn0fo9ApEyxQR-ZnKcA4sRus?authuser=0&hl=tr&rclk=1
Boyut Sanat - İzmit Şubesi,"Karabaş, Belde Sk. No:5 kat 4 iç kapı 603, 41100 İzmit/Kocaeli",(0262) 606 02 67,"605a7baede844d278b89dc95ae0a9123@sentry-next.wixpress.com, 9a65e97ebe8141fca0c4fd686f70996b@sentry.wixpress.com, c183baa23371454f99f417f6616b724d@sentry.wixpress.com, react-dom@18.3.1, f36cc48fb72b4d298c835f2793cf3b84@sentry-next.wixpress.com, react@18.3.1, 2062d0a4929b45348643784b5cb39c36@sentry.wixpress.com, dd0a55ccb8124b9c9d938e3acf41f8aa@sentry.wixpress.com, core-js-bundle@3.2.1, 460ff4620fa44cba8df530afde949785@sentry.wixpress.com, focus-within-polyfill@5.0.9, 271e9fa3230b4eec94b02bf95780f5f2@sentry.wixpress.com, 8c4075d5481d476e945486754f783364@sentry.io, ed436f5053144538958ad06a5005e99a@sentry.wixpress.com, lodash@4.17.21",http://www.izmitmuzikkursu.com/,https://www.google.com/maps/place/ADA%E2%80%99bee+Sanat+ve+Geli%C5%9Fim+Merkezi/data=!4m7!3m6!1s0x14cb453977d066ab:0x4f75d90080882a3c!8m2!3d40.7152936!4d29.924511!16s%2Fg%2F11wh2l6m4w!19sChIJq2bQdzlFyxQRPCqIgADZdU8?authuser=0&hl=tr&rclk=1
Muammer Dereli Fen Lisesi,"Serdar, İstanbul Karayolu No:61, 41100 İzmit/Kocaeli",(0262) 226 77 24,,https://muammerderelifen.meb.k12.tr/,https://www.google.com/maps/place/Boyut+Sanat+-+%C4%B0zmit+%C5%9Eubesi/data=!4m7!3m6!1s0x14cb4578d09db401:0x9dd12b6c2bd73888!8m2!3d40.76249!4d29.9337896!16s%2Fg%2F11j0rx5d4n!19sChIJAbSd0HhFyxQRiDjXK2wr0Z0?authuser=0&hl=tr&rclk=1
Aydınkent İlkokulu Ve Ortaokulu,"Aydınkent, Eşref Bitlis Cd. No:55, 41190, 41190 Başiskele/Kocaeli",(0262) 346 73 74,,N/A,https://www.google.com/maps/place/%C4%B0nci+S%C3%BCr%C3%BCc%C3%BC+Kursu+%28Serap+Sormaz%29/data=!4m7!3m6!1s0x14cb4f87e53819b9:0x7587b191c6c5c45f!8m2!3d40.7637215!4d29.9386778!16s%2Fg%2F11j2y_89nx!19sChIJuRk45YdPyxQRX8TFxpGxh3U?authuser=0&hl=tr&rclk=1
Kartepe Anadolu Lisesi,"Kullar Tepecik, Tuncer Sk. No:1, 41250 Çayırköy Köyü/Kartepe/Kocaeli",(0262) 371 20 51,,http://kartepeanadolulisesi.meb.k12.tr/,https://www.google.com/maps/place/Muammer+Dereli+Fen+Lisesi/data=!4m7!3m6!1s0x14cb4642460d9b63:0xec910917a2f4ec0c!8m2!3d40.7634193!4d29.8947567!16s%2Fg%2F1hc737kvm!19sChIJY5sNRkJGyxQRDOz0ohcJkew?authuser=0&hl=tr&rclk=1
Uzmanlar Sürücü Kursu,"Fevziye Camii Karşısı, Tepecik, Hürriyet Cd. Belediye Çarşı İşhanı No:77 Batı Blok Kat:6, 41200 İzmit/Kocaeli",0506 709 05 66,,N/A,https://www.google.com/maps/place/Ayd%C4%B1nkent+%C4%B0lkokulu+Ve+Ortaokulu/data=!4m7!3m6!1s0x14cb44be1b53f4c9:0xbacbe8cab2451e08!8m2!3d40.6992957!4d29.9504575!16s%2Fg%2F1ptzvn1lb!19sChIJyfRTG75EyxQRCB5Fssroy7o?authuser=0&hl=tr&rclk=1
Luggat Kaffe,"Barbaros, Ömer Çakır Sk. No:24/A, 41090 Başiskele/Kocaeli",0544 464 40 41,luggatenglish@gmail.com,https://luggatenglish.com/,https://www.google.com/maps/place/Kartepe+Anadolu+Lisesi/data=!4m7!3m6!1s0x14cb507b55d46223:0x2a0fce989c27c5d1!8m2!3d40.7502724!4d30.0141214!16s%2Fg%2F11cpkz4639!19sChIJI2LUVXtQyxQR0cUnnJjODyo?authuser=0&hl=tr&rclk=1
Yuvacık İlkokul ve Ortaokulu,"no:, Fatih, Eğitmen Sk. No:1, 41190 Başiskele/Kocaeli",(0262) 344 20 14,,http://yuvackortaokulu.meb.k12.tr/,https://www.google.com/maps/place/Uzmanlar+S%C3%BCr%C3%BCc%C3%BC+Kursu/data=!4m7!3m6!1s0x14cb4581a466556d:0x37077f86fd44ccb3!8m2!3d40.7633035!4d29.9255241!16s%2Fg%2F1tcw0n14!19sChIJbVVmpIFFyxQRs8xE_YZ_Bzc?authuser=0&hl=tr&rclk=1
"İzmit Enkom Clinic Dil, Konuşma ve Gelişim Merkezi","Körfez, Yüce Rıfat Sk. No:31, 41040 İzmit/Kocaeli",0537 224 20 03,,https://enkomclinic.com/,https://www.google.com/maps/place/Yuvac%C4%B1k+%C4%B0lkokul+ve+Ortaokulu/data=!4m7!3m6!1s0x14cb51d68c8a4665:0xee70d365580cc532!8m2!3d40.6887396!4d29.9656155!16s%2Fg%2F1hc35nq95!19sChIJZUaKjNZRyxQRMsUMWGXTcO4?authuser=0&hl=tr&rclk=1
Şehit Ozan Özen Kız Anadolu İmam Hatip Lisesi,"Yeşilyurt, Hafız Bayram Sk. No.1, 41190 Başiskele/Kocaeli",(0262) 344 36 77,,https://ozanozenihl.meb.k12.tr/,https://www.google.com/maps/place/Akademi+Motosiklet/data=!4m7!3m6!1s0x14cb451b1a98d635:0x29b58eb24c0cb95a!8m2!3d40.7505014!4d29.948259!16s%2Fg%2F11w4fwy7ym!19sChIJNdaYGhtFyxQRWrkMTLKOtSk?authuser=0&hl=tr&rclk=1
İzmit Lisesi,"Serdar, İsmail Ayyıldız Hoca Sk. No:2/3, 41100 İzmit/Kocaeli",(0262) 321 65 17,,N/A,"https://www.google.com/maps/place/%C4%B0zmit+Enkom+Clinic+Dil,+Konu%C5%9Fma+ve+Geli%C5%9Fim+Merkezi/data=!4m7!3m6!1s0x14cab7686b29f7c1:0xdc400df457135b2!8m2!3d40.7632059!4d29.9555183!16s%2Fg%2F11n7_mbt4z!19sChIJwfcpa2i3yhQRsjVxRd8AxA0?authuser=0&hl=tr&rclk=1"
Kocaeli Sürücü Kursu,"Yenişehir, Gazi Mustafa Kemal Blv. No:128, 41050 İzmit/Kocaeli",,,N/A,https://www.google.com/maps/place/%C5%9Eehit+Ozan+%C3%96zen+K%C4%B1z+Anadolu+%C4%B0mam+Hatip+Lisesi/data=!4m7!3m6!1s0x14cb44dcc8d7820f:0x6a7b6fb382c5d12b!8m2!3d40.7144399!4d29.9555792!16s%2Fg%2F11c54fzwsl!19sChIJD4LXyNxEyxQRK9HFgrNve2o?authuser=0&hl=tr&rclk=1
Pnoi Coffee&More,"Yenişehir, Konak Sk. No:45, 41050 İzmit/Kocaeli",,,N/A,https://www.google.com/maps/place/%C4%B0zmit+Lisesi/data=!4m7!3m6!1s0x14cb4f7ffdfe74cd:0xef83ceadfe1f2c4e!8m2!3d40.7641193!4d29.8899659!16s%2Fg%2F120mt6_x!19sChIJzXT-_X9PyxQRTiwf_q3Og-8?authuser=0&hl=tr&rclk=1
Wall Street English - Kocaeli/İzmit İngilizce Kursu,"Yenişehir, Gazi Mustafa Kemal Blv. No:148, 41050 İzmit/Kocaeli",444 9 899,info@wse.com.tr,https://www.wse.com.tr/ingilizce-kursu/izmit?utm_campaign=Local+Search+-+Izmit&utm_source=LocalSearch&utm_medium=Organic,https://www.google.com/maps/place/Kocaeli+S%C3%BCr%C3%BCc%C3%BC+Kursu/data=!4m7!3m6!1s0x14cb4fef7fc30485:0xdcd9bf0f930cffef!8m2!3d40.7679853!4d29.9628118!16s%2Fg%2F113jbt874!19sChIJhQTDf-9PyxQR7_8Mkw-_2dw?authuser=0&hl=tr&rclk=1
Kocaeli Kartepe Amerikan Kültür Yabancı Dil Kursu,"İstasyon, Turgut Reis Cd. No:1A, 41400 Kartepe/Kocaeli",0538 597 06 41,"info@areswebtasarim.com, info@amerikankultur.org.tr, notiflix@2.7.0",https://www.amerikancakultur.com/,https://www.google.com/maps/place/Pnoi+Coffee%26More/data=!4m7!3m6!1s0x14cb4f0054840215:0xe37d4a6560a023a7!8m2!3d40.767389!4d29.967019!16s%2Fg%2F11yb7ng0_9!19sChIJFQKEVABPyxQRpyOgYGVKfeM?authuser=0&hl=tr&rclk=1
ÖZEL ADIM ANADOLU SAĞLIK MESLEK LİSESİ,"Sanayi Burda AVM arkası, Kumluk Sk. No:9 D:41, 41000 İzmit",(0262) 335 58 48,,N/A,https://www.google.com/maps/place/Wall+Street+English+-+Kocaeli%2F%C4%B0zmit+%C4%B0ngilizce+Kursu/data=!4m7!3m6!1s0x14cb457e58835329:0x77319a695004fc1b!8m2!3d40.7675941!4d29.9661895!16s%2Fg%2F1hf98pxcz!19sChIJKVODWH5FyxQRG_wEUGmaMXc?authuser=0&hl=tr&rclk=1
Kocaeli Üniversitesi Mühendislik Fakültesi Dekanlık,"Sanayi, 9. Cd. No:2, 41040 İzmit/Kocaeli",(0262) 303 30 02,,http://mf.kocaeli.edu.tr/,https://www.google.com/maps/place/Kocaeli+Kartepe+Amerikan+K%C3%BClt%C3%BCr+Yabanc%C4%B1+Dil+Kursu/data=!4m7!3m6!1s0x14cb51b5c5b609f1:0x8b33fe1ff9958385!8m2!3d40.7516397!4d30.0127096!16s%2Fg%2F11y47dtz9m!19sChIJ8Qm2xbVRyxQRhYOV-R_-M4s?authuser=0&hl=tr&rclk=1
İzmit Sanat Merkezi,"Mahmutpaşa, Karamürsel Cd. No:339 D:K, 41190 Başiskele/Kocaeli",(0262) 319 27 63,,http://www.senvarsansanatvar.com/,https://www.google.com/maps/place/Kocaeli+%C3%9Cniversitesi+M%C3%BChendislik+Fak%C3%BCltesi+Dekanl%C4%B1k/data=!4m7!3m6!1s0x14cb456c80b5764b:0xe09874850c96bcbd!8m2!3d40.8219054!4d29.9213029!16s%2Fg%2F1hc0qzcht!19sChIJS3a1gGxFyxQRvbyWDIV0mOA?authuser=0&hl=tr&rclk=1
Maslak,"Fatih, Hürler Cd. No:227, 41190 Başiskele/Kocaeli",,,N/A,https://www.google.com/maps/place/Y%C4%B1lmaz+Ercan+Kur%E2%80%99an+Kursu/data=!4m7!3m6!1s0x14cb450021d8f097:0x1ad928e66edccf13!8m2!3d40.7194006!4d29.9622575!16s%2Fg%2F11y3t44zld!19sChIJl_DYIQBFyxQRE8_cbuYo2Ro?authuser=0&hl=tr&rclk=1
Şehit Fatih Sultan Karaaslan Anadolu İmam Hatip Lisesi (Erkek),"Milli Eğitim yanı, Serdar, Çoban Dede Sk. No:4, 41190 Başiskele/Kocaeli",(0262) 346 70 40,,N/A,https://www.google.com/maps/place/%C4%B0zmit+Sanat+Merkezi/data=!4m7!3m6!1s0x14cb4fefd2c27c29:0xf66a0472888e926f!8m2!3d40.7266789!4d29.9600768!16s%2Fg%2F1tf8b6zd!19sChIJKXzC0u9PyxQRb5KOiHIEavY?authuser=0&hl=tr&rclk=1
Şehit Öğretmen Ergin Komut Meslekî Ve Teknik Anadolu Lisesi,"Alikahya Atatürk, Turnaoğlu Cd. No:76, 41310 İzmit/Kocaeli",(0262) 365 12 65,,N/A,https://www.google.com/maps/place/Maslak/data=!4m7!3m6!1s0x14cb45acceca1467:0x93959ddf9b591e28!8m2!3d40.7114353!4d29.9677909!16s%2Fg%2F11tc6r7qj4!19sChIJZxTKzqxFyxQRKB5Zm9-dlZM?authuser=0&hl=tr&rclk=1
İzmit İngilizce Kursu,"28 Haziran Mahallesi Turan Güneş Caddesi, 28 Haziran, Kocatürk Sk. No:16/A, 41060 İzmit/Kocaeli",(0262) 325 14 95,"mail@siteniz.com, info@izmitingilizce.net",http://izmitingilizce.net/,https://www.google.com/maps/place/%C5%9Eehit+Fatih+Sultan+Karaaslan+Anadolu+%C4%B0mam+Hatip+Lisesi+%28Erkek%29/data=!4m7!3m6!1s0x14cb44f1e5f22077:0x7eb4dabc37272cdc!8m2!3d40.7130055!4d29.9383517!16s%2Fg%2F11b7q5cxwc!19sChIJdyDy5fFEyxQR3CwnN7zatH4?authuser=0&hl=tr&rclk=1
Avrupa Meslek Yüksekokulu,"Yeniköy Merkez, Ilıca Cd. No:29, 41275 Başiskele/Kocaeli",0549 787 09 94,info@kocaelisaglik.edu.tr,https://kocaelisaglik.edu.tr/avrupamyo/,https://www.google.com/maps/place/%C3%96zel+%C4%B0zmit+Dilses+Konu%C5%9Fma+%C3%96zel+E%C4%9Fitim+ve+Rehabilitasyon+Merkezi/data=!4m7!3m6!1s0x14cb4f1991ee545d:0x930f87d94226cbe0!8m2!3d40.762964!4d29.9554723!16s%2Fg%2F11s5zg0dm9!19sChIJXVTukRlPyxQR4MsmQtmHD5M?authuser=0&hl=tr&rclk=1
Real English Center,"Alikahya Fatih, Seyit Onbaşı Sk. No: 11 /3, 41200 İzmit/Kocaeli",0533 149 17 05,,http://www.realenglishcenter.com/,https://www.google.com/maps/place/Avrupa+Meslek+Y%C3%BCksekokulu/data=!4m7!3m6!1s0x14cabbbcacc893cd:0x1faf680bce534507!8m2!3d40.698346!4d29.8844327!16s%2Fg%2F11b6s31glg!19sChIJzZPIrLy7yhQRB0VTzgtorx8?authuser=0&hl=tr&rclk=1
Yuvacik Serdar ilkokulu,"Serdar, Emir Sultan Cd., 41190 Başiskele/Kocaeli",(0262) 346 75 94,,N/A,https://www.google.com/maps/place/Dilko+%C4%B0zmit+Language+School/data=!4m7!3m6!1s0x14cb457dcfefb1e7:0xe71e94a0b2b16020!8m2!3d40.7623974!4d29.9337311!16s%2Fg%2F11d_tzjvjk!19sChIJ57Hvz31FyxQRIGCxsqCUHuc?authuser=0&hl=tr&rclk=1
İzmit 24 Kasım Anadolu Lisesi,"Yahyakaptan, Kızılay Sk. No:1, 41050 İzmit/Kocaeli",(0262) 311 14 08,,N/A,https://www.google.com/maps/place/Real+English+Center/data=!4m7!3m6!1s0x14cb45d21b2ae72f:0xd48405899ad55d2!8m2!3d40.7744596!4d29.9778711!16s%2Fg%2F11rprtzs0v!19sChIJL-cqG9JFyxQR0lWtmVhASA0?authuser=0&hl=tr&rclk=1
"English Academy Dil Okulları İzmit Şube - İngilizce, Almanca, İspanyolca, Rusça, Toefl, Ielts, Yds, Yks Dil (Ydt) Kursu","Ömerağa, Şahabettin Bilgisu Cd. No:81, 41300 İzmit/Kocaeli",(0262) 331 78 18,info@englishacademy.com.tr,http://www.englishacademy.com.tr/,https://www.google.com/maps/place/Yuvacik+Serdar+ilkokulu/data=!4m7!3m6!1s0x14cb472a85ad132b:0xdca56040c5b1fe64!8m2!3d40.7091417!4d29.944505!16s%2Fg%2F1hc3g181_!19sChIJKxOthSpHyxQRZP6xxUBgpdw?authuser=0&hl=tr&rclk=1
İzmit Ticaret Meslek Lisesi - Izmit Trade Vocational High School,"Yahyakaptan, Akasyalar Cd., 41050 İzmit/Kocaeli",(0262) 311 64 70,,N/A,https://www.google.com/maps/place/%C4%B0zmit+24+Kas%C4%B1m+Anadolu+Lisesi/data=!4m7!3m6!1s0x14cb501f01d89e4f:0x43ed1c3970aa3fe4!8m2!3d40.7682228!4d29.9773506!16s%2Fg%2F1tmv0ff4!19sChIJT57YAR9QyxQR5D-qcDkc7UM?authuser=0&hl=tr&rclk=1
American LIFE Dil Okulları A.Ş.,"Ömerağa, Şahabettin Bilgisu Cd. No:59, 41300 İzmit/Kocaeli",(0262) 321 11 29,"fancybox_loading@2x.gif, info@americanlife.com.tr, fancybox_sprite@2x.png",https://www.americanlife.org/,"https://www.google.com/maps/place/English+Academy+Dil+Okullar%C4%B1+%C4%B0zmit+%C5%9Eube+-+%C4%B0ngilizce,+Almanca,+%C4%B0spanyolca,+Rus%C3%A7a,+Toefl,+Ielts,+Yds,+Yks+Dil+%28Ydt%29+Kursu/data=!4m7!3m6!1s0x14cb4585ce58297f:0xc3c0ebd9b9d07c71!8m2!3d40.7618549!4d29.927718!16s%2Fg%2F11h3kvbb65!19sChIJfylYzoVFyxQRcXzQudnrwMM?authuser=0&hl=tr&rclk=1"
y,"Köseköy, Terzi Gölü Cd. No:4, 41250 Kartepe/Kocaeli",,,N/A,https://www.google.com/maps/place/%C4%B0zmit+Ticaret+Meslek+Lisesi+-+Izmit+Trade+Vocational+High+School/data=!4m7!3m6!1s0x14cb501cff070a8b:0x5bb49e22e3b6f337!8m2!3d40.767501!4d29.977698!16s%2Fg%2F1vv2pl6g!19sChIJiwoH_xxQyxQRN_O24yKetFs?authuser=0&hl=tr&rclk=1
İzmit Evliya Çelebi Anadolu İmam Hatip Lisesi,"Erenler, Hatip Sk. Pk:41060, 41060 İzmit/Kocaeli",,,N/A,https://www.google.com/maps/place/American+LIFE+Dil+Okullar%C4%B1+A.%C5%9E./data=!4m7!3m6!1s0x14cb45aea30291b3:0x4e949875aa1fc280!8m2!3d40.761945!4d29.9284416!16s%2Fg%2F11j8smm9pg!19sChIJs5ECo65FyxQRgMIfqnWYlE4?authuser=0&hl=tr&rclk=1
Atatürk Mesleki ve Teknik Anadolu Lisesi,"Kuruçeşme Fatih, Barış Cd. No: 78/2, 41100 İzmit/Kocaeli",(0262) 226 24 24,,N/A,https://www.google.com/maps/place/y/data=!4m7!3m6!1s0x14cb5a9b73a5c505:0x91dc98fc3a59da7f!8m2!3d40.737849!4d30.006311!16s%2Fg%2F1tg96sm2!19sChIJBcWlc5tayxQRf9pZOvyY3JE?authuser=0&hl=tr&rclk=1
yesilkent ilkokulu ortaokulu,"Damlar, Serim Sk. No:122, 41245 Servetiyekarşı Köyü/Başiskele/Kocaeli",,,N/A,https://www.google.com/maps/place/%C4%B0zmit+Evliya+%C3%87elebi+Anadolu+%C4%B0mam+Hatip+Lisesi/data=!4m7!3m6!1s0x14cb4f92ff325e61:0x7354a8be361b557c!8m2!3d40.7714673!4d29.9478803!16s%2Fg%2F12ml2l7pr!19sChIJYV4y_5JPyxQRfFUbNr6oVHM?authuser=0&hl=tr&rclk=1
ABC TERCUME - ABC OZEL DİL KURSLARI - ABC YURTDISI EGITIM,"Noter yan binası, Kemalpaşa, Cumhuriyet Cd. Necip Peker İş Hanı No:74 K:3 1, 41200 İzmit/Kocaeli",0543 537 74 19,,https://izmitdilkurslari.com/,https://www.google.com/maps/place/Atat%C3%BCrk+Mesleki+ve+Teknik+Anadolu+Lisesi/data=!4m7!3m6!1s0x14cb4612d15c5fad:0x711c9966e0aee9bd!8m2!3d40.7660685!4d29.8672497!16s%2Fg%2F1tgtzn_v!19sChIJrV9c0RJGyxQRvemu4GaZHHE?authuser=0&hl=tr&rclk=1
Barbaros Hayrettin Anadolu Lisesi,"Kavaklı, Sahil Cd. No:40, 41650 Gölcük/Kocaeli",(0262) 413 12 30,,http://gbhal.meb.k12.tr/,https://www.google.com/maps/place/yesilkent+ilkokulu+ortaokulu/data=!4m7!3m6!1s0x14cb43fb20d9e201:0x83fdb5c51225c9d6!8m2!3d40.6900397!4d29.9191901!16s%2Fg%2F11fpgxn3wj!19sChIJAeLZIPtDyxQR1sklEsW1_YM?authuser=0&hl=tr&rclk=1
Cahit Elginkan Anadolu Lisesi,"Serdar, Cem Aydın İlkin Sok. D100 Karayolu Üzeri No:1, 41100 İzmit/Kocaeli",(0262) 226 96 36,,N/A,https://www.google.com/maps/place/ABC+TERCUME+-+ABC+OZEL+D%C4%B0L+KURSLARI+-+ABC+YURTDISI+EGITIM/data=!4m7!3m6!1s0x14cb45817b809a13:0xe2222d76c11b38c3!8m2!3d40.7626517!4d29.9242619!16s%2Fg%2F1tg_0ql6!19sChIJE5qAe4FFyxQRwzgbwXYtIuI?authuser=0&hl=tr&rclk=1
Şehit Emrah Sapa Ortaokulu,"Seymen, Cuma Sk. No:5, 41245 Başiskele/Kocaeli",(0262) 343 32 30,,N/A,https://www.google.com/maps/place/Barbaros+Hayrettin+Anadolu+Lisesi/data=!4m7!3m6!1s0x14cb472af193ac1b:0x8f596daef34271d9!8m2!3d40.720754!4d29.8333204!16s%2Fm%2F05p8lb1!19sChIJG6yT8SpHyxQR2XFC865tWY8?authuser=0&hl=tr&rclk=1
Nill Sanat Merkezi,"Yahyakaptan, Yenişehir, Araç Sk. No :15, 41050 İzmit/Kocaeli",0553 016 25 26,,https://nillsanatmerkezi.com/,https://www.google.com/maps/place/Cahit+Elginkan+Anadolu+Lisesi/data=!4m7!3m6!1s0x14cb45ef6d59bbf3:0x168330c073846178!8m2!3d40.7636487!4d29.8930836!16s%2Fg%2F11b7x1ws4_!19sChIJ87tZbe9FyxQReGGEc8AwgxY?authuser=0&hl=tr&rclk=1
Körfez İlkokulu,"Körfez, Bekçi Sk. No:2, 41245 Başiskele/Kocaeli",,,N/A,https://www.google.com/maps/place/%C5%9Eehit+Emrah+Sapa+Ortaokulu/data=!4m7!3m6!1s0x14cb440e171ba965:0x35a6b3b2409f5e90!8m2!3d40.709537!4d29.8986331!16s%2Fg%2F11gcn0ck83!19sChIJZakbFw5EyxQRkF6fQLKzpjU?authuser=0&hl=tr&rclk=1
Doğantepe İlkokulu Ve Ortaokulu,"Merkez Mahallesi, Cumhuriyet Cd. No:96, 41140 Başiskele/Kocaeli",(0262) 349 22 26,,N/A,https://www.google.com/maps/place/Nill+Sanat+Merkezi/data=!4m7!3m6!1s0x14cb4feae1846d17:0xa065215126d8a59d!8m2!3d40.7697006!4d29.9676906!16s%2Fg%2F11hdnglmqy!19sChIJF22E4epPyxQRnaXYJlEhZaA?authuser=0&hl=tr&rclk=1
İZMİT ÖZEL DERS MERKEZİ,"Yenişehir, Gazi Mustafa Kemal Blv. no 151/4, 41100 İzmit/Kocaeli",0507 140 02 97,,N/A,https://www.google.com/maps/place/K%C3%B6rfez+%C4%B0lkokulu/data=!4m7!3m6!1s0x14cb445e5d4a1873:0xbc22fef03600f7ae!8m2!3d40.713531!4d29.9235409!16s%2Fg%2F1tf91395!19sChIJcxhKXV5EyxQRrvcANvD-Irw?authuser=0&hl=tr&rclk=1
Mauro İcardi Anadolu İmamHatip Lisesi,"Orhan, Devran Cd. No:56, 41200 İzmit/Kocaeli",,,N/A,https://www.google.com/maps/place/Do%C4%9Fantepe+%C4%B0lkokulu+Ve+Ortaokulu/data=!4m7!3m6!1s0x14cb457fb3f2bdb9:0x5d0aa144ab69eeee!8m2!3d40.7009432!4d29.9986059!16s%2Fg%2F1ptwx6j3m!19sChIJub3ys39FyxQR7u5pq0ShCl0?authuser=0&hl=tr&rclk=1
Yeşilkent İlk Okulu ve Orta Okulu,"Yeşilkent, Yetenekli Sk., 41030 Başiskele/Kocaeli",(0262) 342 40 40,,N/A,https://www.google.com/maps/place/%C4%B0ZM%C4%B0T+%C3%96ZEL+DERS+MERKEZ%C4%B0/data=!4m7!3m6!1s0x14cb4563fba12115:0x736a5ac4bc389de8!8m2!3d40.7680291!4d29.9651518!16s%2Fg%2F11p0bmzjzj!19sChIJFSGh-2NFyxQR6J04vMRaanM?authuser=0&hl=tr&rclk=1
Gitarcı Müzik Mağazası ve Müzik Okulu,"Yüksel Ap, Tepecik, Kemal Öz Sk. No:5/A, 41200 İzmit/Kocaeli",0554 923 79 23,,N/A,https://www.google.com/maps/place/Mauro+%C4%B0cardi+Anadolu+%C4%B0mamHatip+Lisesi/data=!4m7!3m6!1s0x14cb4f1afaa095fd:0x45c5d057ea33938b!8m2!3d40.7799842!4d29.9318721!16s%2Fg%2F11y1_28s3x!19sChIJ_ZWg-hpPyxQRi5Mz6lfQxUU?authuser=0&hl=tr&rclk=1
İnci Sürücü Kursu İzmit,"Karabaş, Hafız Binbaşı Cd. No:34, 41040 İzmit/Kocaeli",0545 594 65 34,,N/A,https://www.google.com/maps/place/Ye%C5%9Filkent+%C4%B0lk+Okulu+ve+Orta+Okulu/data=!4m7!3m6!1s0x14cb4382a71df3cb:0x83e713516c2a0b32!8m2!3d40.6835667!4d29.9276056!16s%2Fg%2F11_rxysy2!19sChIJy_Mdp4JDyxQRMgsqbFET54M?authuser=0&hl=tr&rclk=1
Yıldırım Mesleki ve Teknik Anadolu Lisesi,"Bekirdere, Ayça Sk. No:92, 41100 İzmit/Kocaeli",(0262) 322 07 25,,N/A,https://www.google.com/maps/place/Gitarc%C4%B1+M%C3%BCzik+Ma%C4%9Fazas%C4%B1+ve+M%C3%BCzik+Okulu/data=!4m7!3m6!1s0x14cb45811a4dc0f3:0xf99f8d47e7acae16!8m2!3d40.7642772!4d29.9240031!16s%2Fg%2F11clsztbwz!19sChIJ88BNGoFFyxQRFq6s50eNn_k?authuser=0&hl=tr&rclk=1
Kocaeli Üniversitesi,"Kabaoğlu, Baki Komsuoğlu bulvarı No:515, Umuttepe, 41001 İzmit/Kocaeli",(0262) 303 10 00,,http://www.kocaeli.edu.tr/,https://www.google.com/maps/place/%C4%B0nci+S%C3%BCr%C3%BCc%C3%BC+Kursu+%C4%B0zmit/data=!4m7!3m6!1s0x14cb4f87fac328c1:0x9b6df5407a363e2d!8m2!3d40.7635032!4d29.9387385!16s%2Fg%2F113h40__k!19sChIJwSjD-odPyxQRLT42ekD1bZs?authuser=0&hl=tr&rclk=1
KO-MEK Aydınkent Kurs Merkezi,"Aydınkent, Hacı Mecit Blv. NO:35, 41100 Başiskele/Kocaeli",(0262) 346 64 34,komek@kocaeli.bel.tr,https://www.komek.org/kursmerkezleri/detay/33/aydinkent,https://www.google.com/maps/place/Kocaeli+Final+Okullar%C4%B1/data=!4m7!3m6!1s0x14cb45841573085f:0xf6e3e719efdc3c2b!8m2!3d40.7133382!4d29.9215418!16s%2Fg%2F11hf3htrvr!19sChIJXwhzFYRFyxQRKzzc7xnn4_Y?authuser=0&hl=tr&rclk=1
Karşıyaka Tüpraş Mesleki ve Teknik Anadolu Lisesi,"Barbaros, Eyüp Sultan Cd. No:2, 41090 Başiskele/Kocaeli",(0262) 343 33 93,,N/A,https://www.google.com/maps/place/%C3%96zel+Bilgili+K%C3%BClt%C3%BCr+Okullar%C4%B1/data=!4m7!3m6!1s0x14cb44056016c487:0xa1635a25a250f15d!8m2!3d40.7100452!4d29.8932195!16s%2Fg%2F11bxc69gsb!19sChIJh8QWYAVEyxQRXfFQoiVaY6E?authuser=0&hl=tr&rclk=1
Yeniköy Hayat İlkokulu,Yeniköy Merkez Mh. Harmanlık Cd. Pk:41275 Başiskele/kocaeli,(0262) 341 20 27,,http://yenikoyhayat.meb.k12.tr/,https://www.google.com/maps/place/KO-MEK+Ayd%C4%B1nkent+Kurs+Merkezi/data=!4m7!3m6!1s0x14cb44ebc9c00021:0xc68c76f13735d131!8m2!3d40.7082302!4d29.9482126!16s%2Fg%2F11c5b70mp2!19sChIJIQDAyetEyxQRMdE1N_F2jMY?authuser=0&hl=tr&rclk=1
Özel Kocaeli Bahçeşehir Lisesi,"Vezirçiftliği, 41140 Başiskele/Kocaeli (İzmit)",(0262) 341 28 24,,N/A,https://www.google.com/maps/place/Kar%C5%9F%C4%B1yaka+T%C3%BCpra%C5%9F+Mesleki+ve+Teknik+Anadolu+Lisesi/data=!4m7!3m6!1s0x14cb446080547755:0xf0e2e554134e0fc1!8m2!3d40.7113105!4d29.9247364!16s%2Fg%2F11bxdx7_0m!19sChIJVXdUgGBEyxQRwQ9OE1Tl4vA?authuser=0&hl=tr&rclk=1
Selim Yürekten Mesleki ve Teknik Anadolu Lisesi,"Karadenizliler, Ordulu Cd. No:40, 41140 Başiskele/Kocaeli",(0262) 349 29 95,,https://basiskelesymtal.meb.k12.tr/,https://www.google.com/maps/place/Yenik%C3%B6y+Hayat+%C4%B0lkokulu/data=!4m7!3m6!1s0x14cb43f117837473:0x2049b1732f60649a!8m2!3d40.6953416!4d29.8967286!16s%2Fg%2F12ml2mvwp!19sChIJc3SDF_FDyxQRmmRgL3OxSSA?authuser=0&hl=tr&rclk=1
BAŞİSKELE E-SINAV MERKEZİ,"Seymen, Preveze Cd. NO:2, 41245 Başiskele/Kocaeli",,,N/A,https://www.google.com/maps/place/%C3%96zel+Kocaeli+Bah%C3%A7e%C5%9Fehir+Lisesi/data=!4m7!3m6!1s0x14cb429555555555:0x552854be26923e16!8m2!3d40.74525!4d29.9563481!16s%2Fg%2F113g8rzt4!19sChIJVVVVVZVCyxQRFj6SJr5UKFU?authuser=0&hl=tr&rclk=1
KOCAELİ BÜYÜKŞEHİR BELEDİYESİ BAŞİSKELE İBN-İ SİNA BİLGİEVİ,"Barbaros, Ömer Çakır Sk. NO:20, 41090 Başiskele/Kocaeli",(0262) 343 27 07,,N/A,https://www.google.com/maps/place/BA%C5%9E%C4%B0SKELE+E-SINAV+MERKEZ%C4%B0/data=!4m7!3m6!1s0xa2abde2fa88a6f81:0xfe3ff9329b645264!8m2!3d40.71173!4d29.908501!16s%2Fg%2F11v5vq7m4t!19sChIJgW-KqC_eq6IRZFJkmzL5P_4?authuser=0&hl=tr&rclk=1
Kocaeli Teknokent Koleji,"Burda’nın Arkası, Sanayi, Kumluk Sk. No:9 (41, 41040 İzmit/Kocaeli",(0262) 371 61 61,,N/A,https://www.google.com/maps/place/Kocaeli+Ali+Fuat+Ba%C5%9Fgil+Sosyal+Bilimler+Lisesi/data=!4m7!3m6!1s0x14cb4f94f9856835:0xd9b390985bfb6ca5!8m2!3d39.0863079!4d35.1293295!16s%2Fg%2F11b6j85d_d!19sChIJNWiF-ZRPyxQRpWz7W5iQs9k?authuser=0&hl=tr&rclk=1
Uğur Okulları Başiskele Kampüsü,"Damlar, Şeyh Edebadi Cd. No: 16, 41245 Başiskele/Kocaeli",0555 073 00 41,,https://ugurokullari.k12.tr/,https://www.google.com/maps/place/KOCAEL%C4%B0+B%C3%9CY%C3%9CK%C5%9EEH%C4%B0R+BELED%C4%B0YES%C4%B0+BA%C5%9E%C4%B0SKELE+%C4%B0BN-%C4%B0+S%C4%B0NA+B%C4%B0LG%C4%B0EV%C4%B0/data=!4m7!3m6!1s0x14cb45909b753d27:0xae2b811391411872!8m2!3d40.7120949!4d29.9306734!16s%2Fg%2F11fl08f354!19sChIJJz11m5BFyxQRchhBkROBK64?authuser=0&hl=tr&rclk=1
İzmit Mesleki ve Teknik Anadolu Lisesi,"Cedit, Atatürk Blv. No:1, 41300 İzmit/Kocaeli",(0262) 321 13 80,,https://izmiteml.meb.k12.tr/,https://www.google.com/maps/place/Kocaeli+Teknokent+Koleji/data=!4m7!3m6!1s0x14cb45a54d36b063:0x84813d2560a21d91!8m2!3d40.7512274!4d29.9554284!16s%2Fg%2F11ny0psxs7!19sChIJY7A2TaVFyxQRkR2iYCU9gYQ?authuser=0&hl=tr&rclk=1
Easy Speak,"Ömerağa, Şahabettin Bilgisu Cd. No: 38, 41000 İzmit/Kocaeli",(0262) 323 33 03,,https://www.easyspeak.com.tr/,https://www.google.com/maps/place/%C4%B0zmit+Mesleki+ve+Teknik+Anadolu+Lisesi/data=!4m7!3m6!1s0x14cb4f87128f0c97:0x944f3b6dad28cccb!8m2!3d40.7650582!4d29.9357624!16s%2Fg%2F11cjp6pxjd!19sChIJlwyPEodPyxQRy8worW07T5Q?authuser=0&hl=tr&rclk=1
GÖLCÜK AZİZ SANCAR AKADEMİ LİSESİ,"Dumlupınar, Adnan Menderes Blv. No:10, 41650 Gölcük/Kocaeli",(0262) 431 40 45,,N/A,https://www.google.com/maps/place/%C3%96zel+Yuvac%C4%B1k+Atayurt+%C4%B0lk%C3%B6%C4%9Fretim+Okulu/data=!4m7!3m6!1s0x14cb4feb410046ad:0xc942fdb9c409b503!8m2!3d40.7740246!4d29.9521231!16s%2Fg%2F1hc95gdk_!19sChIJrUYAQetPyxQRA7UJxLn9Qsk?authuser=0&hl=tr&rclk=1
Kocaeli Wimbledon Language Academy Yabancı Dil Kursu,"Karabaş, Cumhuriyet Cd. No:162, 41040 İzmit/Kocaeli",(0262) 222 22 22,,N/A,https://www.google.com/maps/place/Ba%C5%9Fiskele+Anaokulu/data=!4m7!3m6!1s0x14cb5b28042260f7:0x88641346d07aefe3!8m2!3d40.7120418!4d29.9849797!16s%2Fg%2F11j8k3zncm!19sChIJ92AiBChbyxQR4-960EYTZIg?authuser=0&hl=tr&rclk=1
KO-MEK Karşıyaka Kurs Merkezi,"Barbaros, Atatürk Cd. No:23, 41275 Başiskele/Kocaeli",(0262) 343 28 50,komek@kocaeli.bel.tr,https://www.komek.org/kursmerkezleri/detay/12/karsiyaka,https://www.google.com/maps/place/G%C3%96LC%C3%9CK+AZ%C4%B0Z+SANCAR+AKADEM%C4%B0+L%C4%B0SES%C4%B0/data=!4m7!3m6!1s0x14cb40d490b305ab:0x43523c93be6646f4!8m2!3d40.7183029!4d29.8300677!16s%2Fg%2F11hbc4g6l8!19sChIJqwWzkNRAyxQR9EZmvpM8UkM?authuser=0&hl=tr&rclk=1
"İzmit Dil Akademi iDA / İngilizce, Almanca, Rusça, Toefl, Ielts, Yds, Yks Dil (Ydt), AutoCad, SolidWorks, Kursu","Yenişehir, Konak Sk. No 45, 41050 İzmit/Kocaeli",(0262) 319 42 42,,http://www.izmitdilakademi.com/,https://www.google.com/maps/place/Kocaeli+Wimbledon+Language+Academy+Yabanc%C4%B1+Dil+Kursu/data=!4m7!3m6!1s0x14cb457dff29cf5f:0xb117ead6189d7ee8!8m2!3d40.7636365!4d29.9317481!16s%2Fg%2F11gfng1hgf!19sChIJX88p_31FyxQR6H6dGNbqF7E?authuser=0&hl=tr&rclk=1
Yeniköy Denizdibi İlkokulu,"Atakent, Saraçoğlu Cd. No:29, 41275 Başiskele/Kocaeli",,,N/A,"https://www.google.com/maps/place/%C4%B0zmit+Dil+Akademi+iDA+%2F+%C4%B0ngilizce,+Almanca,+Rus%C3%A7a,+Toefl,+Ielts,+Yds,+Yks+Dil+%28Ydt%29,+AutoCad,+SolidWorks,+Kursu/data=!4m7!3m6!1s0x14cb4f26add63bcb:0xa34582744948ec8e!8m2!3d40.7673796!4d29.967!16s%2Fg%2F11j4dkx2vx!19sChIJyzvWrSZPyxQRjuxISXSCRaM?authuser=0&hl=tr&rclk=1"
İzmit Dr. Sadık Ahmet Akademi Lise,"Mehmet Ali Paşa Mah, Erkan Sk. No:15, 41050 İzmit/Kocaeli",(0262) 325 33 51,kurtulstuncel@kocaeli.bel.tr,https://kilavuzgenclik.kocaeli.bel.tr/AkademiLise/Online.aspx,https://www.google.com/maps/place/Lingua+Point/data=!4m7!3m6!1s0x14cb4f9698eef403:0x58e4dc10df554a1c!8m2!3d40.772851!4d29.953201!16s%2Fg%2F11s56r6yxc!19sChIJA_TumJZPyxQRHEpV3xDc5Fg?authuser=0&hl=tr&rclk=1
ÖZEL BALARISI ANAOKULU,"Barbaros, Osmaniye Sk. No:11, 41090 Başiskele/Kocaeli",0544 543 84 00,,https://www.facebook.com/%C3%96zel-Balar%C4%B1s%C4%B1-Anaokulu-376520789189582/,https://www.google.com/maps/place/Yenik%C3%B6y+Denizdibi+%C4%B0lkokulu/data=!4m7!3m6!1s0x14cb4407651f461b:0xed630ffbe0d41461!8m2!3d40.703414!4d29.88938!16s%2Fg%2F11c5265gr2!19sChIJG0YfZQdEyxQRYRTU4PsPY-0?authuser=0&hl=tr&rclk=1
Yuvacık Levent Kırca-Oya Başar İlkokulu,"Yeşilyurt, Levent Kırca Cd., 41190 Başiskele/Kocaeli",(0262) 344 42 85,,http://leventkircaoyabasario.meb.k12.tr/,https://www.google.com/maps/place/%C3%96ZEL+BALARISI+ANAOKULU/data=!4m7!3m6!1s0x14cb44f33f530e4f:0xd1814ccd792e8e5d!8m2!3d40.7088676!4d29.9348801!16s%2Fg%2F11c2p_wpx5!19sChIJTw5TP_NEyxQRXY4uec1MgdE?authuser=0&hl=tr&rclk=1
Learn English Kocaeli,"İstasyon, E5 Üzeri No:113/B, 41125 Kartepe/Kocaeli",0545 741 50 50,learnenglishkocaeli@gmail.com,https://www.learnenglishkocaeli.com/,https://www.google.com/maps/place/Kocaeli+%C3%9Cniversitesi+G%C3%BCzel+Sanatlar+Fak%C3%BCltesi/data=!4m7!3m6!1s0x14cb3b5bef9d062d:0x43ef64621631faa1!8m2!3d40.7658028!4d29.9397933!16s%2Fg%2F121lt1fl!19sChIJLQad71s7yxQRofoxFmJk70M?authuser=0&hl=tr&rclk=1
Başiskele Gül Bahçesi Anaokulu,"Yuvacık Serdar Mah. Gazneli Mahmut Cad. Çoban Dede Sok.No:4, 41190 BAŞİSKELE/Kocaeli",(0262) 346 60 15,,N/A,https://www.google.com/maps/place/Yuvac%C4%B1k+Levent+K%C4%B1rca-Oya+Ba%C5%9Far+%C4%B0lkokulu/data=!4m7!3m6!1s0x14cb44e0a6d1081d:0x85d82ac472bcb701!8m2!3d40.7193787!4d29.9514314!16s%2Fg%2F11c5260b_k!19sChIJHQjRpuBEyxQRAbe8csQq2IU?authuser=0&hl=tr&rclk=1
Arzen Sanat Evi,"Hacıhasan, Hacı Hasan Ykş. No:2, 41200 İzmit/Kocaeli",0553 896 26 94,,N/A,https://www.google.com/maps/place/Learn+English+Kocaeli/data=!4m7!3m6!1s0x14cb513afdfd8e59:0xd57d4dd1f4d71162!8m2!3d40.7528427!4d30.0249733!16s%2Fg%2F11lnpkb_rw!19sChIJWY79_TpRyxQRYhHX9NFNfdU?authuser=0&hl=tr&rclk=1
Çarşı Sürücü Kursu,"Ömerağa, Fethiye Cd. Gökseller İşhanı Kat 3, 41100 İzmit/Kocaeli",(0262) 332 38 01,"605a7baede844d278b89dc95ae0a9123@sentry-next.wixpress.com, react-dom@18.3.1, c183baa23371454f99f417f6616b724d@sentry.wixpress.com, bfb679c754744c58a7374ee6e25cfc13@sentry.wixpress.com, react@18.3.1, 18d2f96d279149989b95faf0a4b41882@sentry-next.wixpress.com, 2062d0a4929b45348643784b5cb39c36@sentry.wixpress.com, dd0a55ccb8124b9c9d938e3acf41f8aa@sentry.wixpress.com, core-js-bundle@3.2.1, 460ff4620fa44cba8df530afde949785@sentry.wixpress.com, focus-within-polyfill@5.0.9, 271e9fa3230b4eec94b02bf95780f5f2@sentry.wixpress.com, 8c4075d5481d476e945486754f783364@sentry.io, ed436f5053144538958ad06a5005e99a@sentry.wixpress.com, 5d1795a2db124a268f1e1bd88f503500@sentry.wixpress.com, lodash@4.17.21",https://www.izmitcarsi41.com/,https://www.google.com/maps/place/Ba%C5%9Fiskele+G%C3%BCl+Bah%C3%A7esi+Anaokulu/data=!4m7!3m6!1s0x14cb44f1fac1f111:0x1ae6f7832902ef17!8m2!3d40.7126209!4d29.9392863!16s%2Fg%2F11g6xp9gb8!19sChIJEfHB-vFEyxQRF-8CKYP35ho?authuser=0&hl=tr&rclk=1
Bilimkur Sürücü Kursu,"Ömerağa, Hafız Şerif Sk. No:2, 41040 İzmit/Kocaeli",0553 268 54 68,bilimkur@hotmail.com,https://www.bilimkur.com.tr/,https://www.google.com/maps/place/Arzen+Sanat+Evi/data=!4m7!3m6!1s0x14cb4567824bc85d:0x59f2040b2f7d5362!8m2!3d40.7654681!4d29.9244122!16s%2Fg%2F11h7fmk5ch!19sChIJXchLgmdFyxQRYlN9LwsE8lk?authuser=0&hl=tr&rclk=1
Necip Fazıl Kısakürek Anadolu Lisesi Fen ve Sosyal Bilimler Proje Okulu,"Topçular, 41300 İzmit/Kocaeli",,,https://necipfazilkisakurekaihl.meb.k12.tr/,https://www.google.com/maps/place/Bilimkur+S%C3%BCr%C3%BCc%C3%BC+Kursu/data=!4m7!3m6!1s0x14cb4581d3fb4e57:0xeddaeb80b39ed3c4!8m2!3d40.7636988!4d29.9274582!16s%2Fg%2F1tn8hpqm!19sChIJV07704FFyxQRxNOes4Dr2u0?authuser=0&hl=tr&rclk=1
Başiskele Anadolu Lisesi,"Karşıyaka, Okul Cd. No:5, 41275 Başiskele/Kocaeli",(0262) 346 60 18,,N/A,https://www.google.com/maps/place/%C4%B0zmit+Sanat+Merkezi/data=!4m7!3m6!1s0x14cb4fefd2c27c29:0xf66a0472888e926f!8m2!3d40.726679!4d29.960077!16s%2Fg%2F1tf8b6zd!19sChIJKXzC0u9PyxQRb5KOiHIEavY?authuser=0&hl=tr&rclk=1
Özel Birsev Egitim Okulu,"Serdar, Koza Sk., 41190 Başiskele/Kocaeli",,,N/A,https://www.google.com/maps/place/Necip+Faz%C4%B1l+K%C4%B1sak%C3%BCrek+Anadolu+Lisesi+Fen+ve+Sosyal+Bilimler+Proje+Okulu/data=!4m7!3m6!1s0x14cb4f9edc8aab21:0xd151d0f5f56f3039!8m2!3d40.7797915!4d29.9320387!16s%2Fg%2F11cs5g03wc!19sChIJIauK3J5PyxQROTBv9fXQUdE?authuser=0&hl=tr&rclk=1
Yeniköy Sepetlipınar İlkokulu,"Sepetlipınar, 41275 Başiskele/Kocaeli",(0262) 341 27 87,,N/A,https://www.google.com/maps/place/Ba%C5%9Fiskele+Anadolu+Lisesi/data=!4m7!3m6!1s0x14cb4410191abd53:0x827384038ec2bbab!8m2!3d40.711455!4d29.8942831!16s%2Fg%2F11c3v6zh9r!19sChIJU70aGRBEyxQRq7vCjgOEc4I?authuser=0&hl=tr&rclk=1
İngiliz Kültür Derneği Dil Okulları,"Veliahmet, İnönü Cad./cengiz Sille Sok. No:3 D:2, 41200 İzmit/Kocaeli (İzmit)",(0262) 333 00 30,,N/A,https://www.google.com/maps/place/%C3%96zel+Birsev+Egitim+Okulu/data=!4m7!3m6!1s0x14cb44f19588aa1b:0xc691a9f90d1ffb17!8m2!3d40.713523!4d29.937689!16s%2Fg%2F11b7q63x_6!19sChIJG6qIlfFEyxQRF_sfDfmpkcY?authuser=0&hl=tr&rclk=1
Vivaldi Sanat Akademisi,"Damlar, Güzel Hisar Sk. No:9/A, 41030 Başiskele/Kocaeli",0552 812 91 41,,N/A,https://www.google.com/maps/place/Yenik%C3%B6y+Sepetlip%C4%B1nar+%C4%B0lkokulu/data=!4m7!3m6!1s0x14cb46ad901ee993:0x71b7bb8a846c85bb!8m2!3d40.7114911!4d29.8704465!16s%2Fg%2F1tjjfv6p!19sChIJk-kekK1GyxQRu4VshIq7t3E?authuser=0&hl=tr&rclk=1
Kocaeli Üniversitesi İzmit Meslek Yüksekokulu,"Ataşehir, Kocaeli Ünv. Arslanbey Yerleşkesi, 41285 Kartepe/Kocaeli",(0262) 351 32 87,,N/A,https://www.google.com/maps/place/%C4%B0ngiliz+K%C3%BClt%C3%BCr+Derne%C4%9Fi+Dil+Okullar%C4%B1/data=!4m7!3m6!1s0x14cb458074b4fae9:0xe6c7eb747112a259!8m2!3d40.766304!4d29.92634!16s%2Fg%2F1ptymrkcd!19sChIJ6fq0dIBFyxQRWaIScXTrx-Y?authuser=0&hl=tr&rclk=1
MY Kolej - MY Okulları Kocaeli Başiskele Kampüsü,"Yeniköy Merkez, Kolej Cd. No:48, 41275 Başiskele/Kocaeli",0542 690 41 69,,https://myokullari.com/,https://www.google.com/maps/place/Vivaldi+Sanat+Akademisi/data=!4m7!3m6!1s0x14cb4f3536a33b65:0xf4464bdcb606c7fc!8m2!3d40.6939056!4d29.9190729!16s%2Fg%2F11v60smkt3!19sChIJZTujNjVPyxQR_McGttxLRvQ?authuser=0&hl=tr&rclk=1
Kocaeli Üniversitesi Hukuk Fakültesi,"Kabaoğlu, 41001 İzmit/Kocaeli",,,http://hukuk.kocaeli.edu.tr/,https://www.google.com/maps/place/Kocaeli+%C3%9Cniversitesi+%C4%B0zmit+Meslek+Y%C3%BCksekokulu/data=!4m7!3m6!1s0x14cb5ba595e28ee7:0xe5db5895c9be5f60!8m2!3d40.7080402!4d30.0257467!16s%2Fg%2F1hc3jvpbm!19sChIJ547ilaVbyxQRYF--yZVY2-U?authuser=0&hl=tr&rclk=1
Başöğretmen Mesleki Ve Teknik Anadolu Lisesi,"No:, Yahyakaptan, Kızılay Sk. No:3, 41050 İzmit/Kocaeli",(0262) 311 64 70,,http://www.basogretmenmtal.meb.k12.tr/,https://www.google.com/maps/place/Kocaeli+%C3%9Cniversitesi+Hukuk+Fak%C3%BCltesi/data=!4m7!3m6!1s0x14cb4ef53614eccf:0xcb3aa49c8b949b51!8m2!3d40.8215987!4d29.9260777!16s%2Fg%2F1tht951_!19sChIJz-wUNvVOyxQRUZuUi5ykOss?authuser=0&hl=tr&rclk=1
Mahmutpaşa İlkokulu,"Mahmutpaşa, Karamürsel Cd. No:326, 41140 Başiskele/Kocaeli",,,N/A,https://www.google.com/maps/place/Kocaeli+%C3%9Cniversitesi+Kullar+Yerle%C5%9Fkesi/data=!4m7!3m6!1s0x14cb452c3e63b0ff:0x7ac686ed1738d489!8m2!3d40.7233178!4d29.9694071!16s%2Fg%2F1tg9vy4t!19sChIJ_7BjPixFyxQRidQ4F-2Gxno?authuser=0&hl=tr&rclk=1
Kullar Mustafa Kemal İlkokulu,"Kullar Tepecik, Karamürsel Cd. No:1, 41285 Başiskele/Kocaeli",(0262) 349 30 28,,N/A,https://www.google.com/maps/place/Ba%C5%9F%C3%B6%C4%9Fretmen+Mesleki+Ve+Teknik+Anadolu+Lisesi/data=!4m7!3m6!1s0x14cb501efac3de13:0x62db2ba76ac8dbef!8m2!3d40.7672208!4d29.9773751!16s%2Fg%2F11bxjhpdfc!19sChIJE97D-h5QyxQR79vIaqcr22I?authuser=0&hl=tr&rclk=1
Kocaeli Üniversitesi Sosyal Bilimler Enstitüsü,"Umuttepe Kampüsü, İktisadi ve İdari Bilimler Fakültesi Zemin Kat Sosyal Bilimler Enstitüsü, 41380 İzmit/Kocaeli",(0262) 303 17 52,,http://sbe.kocaeli.edu.tr/,https://www.google.com/maps/place/Mahmutpa%C5%9Fa+%C4%B0lkokulu/data=!4m7!3m6!1s0x14cb45a5a64ca957:0x2631756277dbe2fb!8m2!3d40.728613!4d29.9602133!16s%2Fg%2F11h42rwrct!19sChIJV6lMpqVFyxQR--Lbd2J1MSY?authuser=0&hl=tr&rclk=1
Özel İzmit Koleji,"MEHMET ALI PASA MAH, Mızrak Sk. NO:12, 41050 İzmit/Kocaeli",0542 499 87 86,info@izmitkoleji.k12.tr,http://izmitkoleji.k12.tr/,https://www.google.com/maps/place/Kocaeli+Cadde+S%C3%BCr%C3%BCc%C3%BC+Kursu/data=!4m7!3m6!1s0x14cb4f887bd9c961:0xc74432c4eca0dcd6!8m2!3d40.7646779!4d29.9397331!16s%2Fg%2F11b6xbmm7k!19sChIJYcnZe4hPyxQR1tyg7MQyRMc?authuser=0&hl=tr&rclk=1
Özel Ders İzmit TYT kursu,"M. Alipaşa, Gazi Mustafa Kemal Blv. NO15/6, 41050 İzmit/Kocaeli",0507 140 02 97,,N/A,https://www.google.com/maps/place/%C3%96zel+%C4%B0zmit+Koleji/data=!4m7!3m6!1s0x14cb4ff1a7cb37c7:0x967af41bd43c7da2!8m2!3d40.7643668!4d29.9588028!16s%2Fg%2F11sc4r_mzg!19sChIJxzfLp_FPyxQRon081Bv0epY?authuser=0&hl=tr&rclk=1
Özel Evrensel Matematik Köyü Koleji,"Barbaros, Yunus Emre Cd. No:12, 41090 Başiskele/Kocaeli",444 3 308,,https://www.evrenselmatematikkoyu.com/,https://www.google.com/maps/place/Seymen+Koleji/data=!4m7!3m6!1s0x14cb4f8095104699:0x59d4873ec258bb2a!8m2!3d40.7744464!4d29.9712077!16s%2Fg%2F1tgqfrmz!19sChIJmUYQlYBPyxQRKrtYwj6H1Fk?authuser=0&hl=tr&rclk=1
Özel Çadem Çağdaş Diller Eğitim Merkezi,"Ömerağa, Latif Bey Sk. No:7, 41100 İzmit/Kocaeli",(0262) 321 61 73,,N/A,https://www.google.com/maps/place/%C3%96zel+Evrensel+Matematik+K%C3%B6y%C3%BC+Koleji/data=!4m7!3m6!1s0x14cb45e120de279f:0xe04301085c2a4c20!8m2!3d40.7065097!4d29.9261144!16s%2Fg%2F11y3ptyzgp!19sChIJnyfeIOFFyxQRIEwqXAgBQ-A?authuser=0&hl=tr&rclk=1
Luna Özel Eğitim,"Sahil, Eyüp Sultan Cd. No:5, 41090 Başiskele/Kocaeli",,,N/A,https://www.google.com/maps/place/ARTCLAN3+RES%C4%B0M+AT%C3%96LYES%C4%B0/data=!4m7!3m6!1s0x14cb4508b185f6f3:0x66aa81bf2c61a266!8m2!3d40.7630935!4d29.9381782!16s%2Fg%2F11k63q0w1r!19sChIJ8_aFsQhFyxQRZqJhLL-BqmY?authuser=0&hl=tr&rclk=1
Bimser Sürücü Kursu,"Fethiye Kundura yanı, Tepecik, Fethiye Cd. Emek İş Hanı girişi No:25/5, 41300 İzmit/Kocaeli",(0262) 322 08 09,"bilgi@bimsersurucukursu.com, info@bimsersurucukursu.com",https://www.bimsersurucukursu.com/anasayfa.html,https://www.google.com/maps/place/%C3%96zel+%C3%87adem+%C3%87a%C4%9Fda%C5%9F+Diller+E%C4%9Fitim+Merkezi/data=!4m7!3m6!1s0x14cb50cbea378591:0xe198417bae8fd0a7!8m2!3d40.762685!4d29.927293!16s%2Fg%2F1hc3g1kvb!19sChIJkYU36stQyxQRp9CPrntBmOE?authuser=0&hl=tr&rclk=1
Çelebi Sürücü Kursu,"Sıra Kavaklar Sokak No:12,Cedit Mahallesi, 41300 İzmit/Kocaeli, 41000 İzmit/Kocaeli",(0262) 323 44 45,celebisurucukursu@hotmail.com,http://celebisurucukursu.com/,https://www.google.com/maps/place/Bimser+S%C3%BCr%C3%BCc%C3%BC+Kursu/data=!4m7!3m6!1s0x14cb4581b66edd1f:0x51e8dbdba6980a7c!8m2!3d40.7641673!4d29.9261047!16s%2Fg%2F11b6hz0742!19sChIJH91utoFFyxQRfAqYptvb6FE?authuser=0&hl=tr&rclk=1
ŞEHİT YUNUS EMRE EZER ORTAOKULU,"Barbaros, Millet Cd. No:26, 41090 Başiskele/Kocaeli",,,N/A,https://www.google.com/maps/place/%C3%87elebi+S%C3%BCr%C3%BCc%C3%BC+Kursu/data=!4m7!3m6!1s0x14cb4f863665a4b9:0x9e220f4263f3d585!8m2!3d40.7658159!4d29.9380081!16s%2Fg%2F11c508qr5m!19sChIJuaRlNoZPyxQRhdXzY0IPIp4?authuser=0&hl=tr&rclk=1
Kocaelim Sürücü Kursu,"Yahyakaptan, Başak Cad./mimtaş Sok. No:2, 41050 İzmit/Kocaeli (İzmit)",(0262) 325 76 43,,N/A,https://www.google.com/maps/place/%C5%9EEH%C4%B0T+YUNUS+EMRE+EZER+ORTAOKULU/data=!4m7!3m6!1s0x14cb44f415906d6f:0xc8a754f10ded4da3!8m2!3d40.7124292!4d29.9323516!16s%2Fg%2F11d_bk6x3x!19sChIJb22QFfREyxQRo03tDfFUp8g?authuser=0&hl=tr&rclk=1
Elite Eğitim Danışmanlığı,"Barbaros, Pınartaş Sk. NO:7-1 DAİRE:2, 41001 Başiskele/Kocaeli",0537 770 87 27,,N/A,https://www.google.com/maps/place/Yar%C4%B1nlar+%C4%B0%C3%A7in+Spor+Otizm+%C3%96zel+E%C4%9Fitim+ve+Rehabilitasyon+Merkezi/data=!4m7!3m6!1s0x14cb454e9f902c83:0xe082f1be37941052!8m2!3d40.7111541!4d29.928616!16s%2Fg%2F11q1p5bzw5!19sChIJgyyQn05FyxQRUhCUN77xguA?authuser=0&hl=tr&rclk=1
Küv Kocaeli Üniversitesi Vakfı,"Karabaş, İnönü Cd. Erkan Apt. No:177 D:2, 41040 İzmit/Kocaeli (İzmit)",0546 885 14 41,info@kouvakif.org.tr,https://www.kouvakif.org.tr/,https://www.google.com/maps/place/Kocaelim+S%C3%BCr%C3%BCc%C3%BC+Kursu/data=!4m7!3m6!1s0x14cb4e2736662da9:0x125aee9a4af1916f!8m2!3d40.7677!4d29.968176!16s%2Fg%2F1tg58fmx!19sChIJqS1mNidOyxQRb5HxSpruWhI?authuser=0&hl=tr&rclk=1
Kocaeli Mesleki ve Teknik Anadolu Lisesi,"Karadenizliler, Gizemnur Cd., 41310 İzmit/Kocaeli",(0262) 321 20 92,,https://kocaelimtal.meb.k12.tr/,https://www.google.com/maps/place/K%C3%BCv+Kocaeli+%C3%9Cniversitesi+Vakf%C4%B1/data=!4m7!3m6!1s0x14cb4f80d1332d9d:0xafef4521e412f00c!8m2!3d40.766648!4d29.9330885!16s%2Fg%2F1tf4bc0b!19sChIJnS0z0YBPyxQRDPAS5CFF768?authuser=0&hl=tr&rclk=1
Başiskele Montessori Anaokulu,"Serdar, Emek Sk. 8A, 41190 Başiskele/Kocaeli",0533 368 81 41,"user@domainname.com, info@batisehir.k12.tr",https://www.batisehir.k12.tr/,https://www.google.com/maps/place/%C3%96zel+Duyusal+Geli%C5%9Fim+%C3%96zel+E%C4%9Fitim+ve+Rehabilitasyon+Merkezi/data=!4m7!3m6!1s0x14cb45026f299a87:0x5be71951902d07a0!8m2!3d40.6931581!4d29.9586825!16s%2Fg%2F11rq3xg2gn!19sChIJh5opbwJFyxQRoActkFEZ51s?authuser=0&hl=tr&rclk=1
EF yurtdışı eğitim,"Karabaş, Cengiz Topel Cd. No:22 Kat:6 D:6, 41040 İzmit/Kocaeli",0850 622 8341,,https://www.ef.com.tr/pg/yurtdisi-egitim/,https://www.google.com/maps/place/Ba%C5%9Fiskele+Montessori+Anaokulu/data=!4m7!3m6!1s0x14cb45be72b88f4b:0x7a3e489f2f2d2bc9!8m2!3d40.7132666!4d29.9353811!16s%2Fg%2F11lcrkk193!19sChIJS4-4cr5FyxQRySstL59IPno?authuser=0&hl=tr&rclk=1
Kaptan Hocam Etüt Eğitim Merkezi (Başiskele),"Sahil, Barbaros, Yürüyüş Cd. No 21A, 41030 Başiskele/Kocaeli",0530 889 87 72,,http://kaptanhocam.com/,https://www.google.com/maps/place/Bah%C3%A7ecik+%C4%B0lkokulu/data=!4m7!3m6!1s0x14cb437a031b9d27:0x8d4470a33d7bcf54!8m2!3d40.6732906!4d29.911666!16s%2Fg%2F11tczvt4kh!19sChIJJ50bA3pDyxQRVM97PaNwRI0?authuser=0&hl=tr&rclk=1
Demiroğlu Sürücü Kursu,"Yenişehir, Dönmez Sk. No:1 D:1, 41050 İzmit/Kocaeli",0506 709 05 76,info@izmitsurucukurslari.com,http://www.izmitsurucukurslari.com/,https://www.google.com/maps/place/EF+yurtd%C4%B1%C5%9F%C4%B1+e%C4%9Fitim/data=!4m7!3m6!1s0x14cb4f87711b2361:0x99035767d439ef6a!8m2!3d40.7646206!4d29.9370566!16s%2Fg%2F11hcfqgpdq!19sChIJYSMbcYdPyxQRau851GdXA5k?authuser=0&hl=tr&rclk=1
İzmit İngilizce Kursu - TEOL İzmit Dil Okulu Şubesi,"Karabaş Mahallesi, Cengiz Topel Caddesi, Müneccim Arif Sk. No: 1/0, 41040 İzmit/Kocaeli",(0262) 324 60 61,,http://www.teol.com.tr/,https://www.google.com/maps/place/%C4%B0zmit+Hakan+SRC+%26+Psikoteknik/data=!4m7!3m6!1s0x14cb4fe2d52d0dd1:0x411241a3fe40de93!8m2!3d40.7676479!4d29.961971!16s%2Fg%2F11h27mk96b!19sChIJ0Q0t1eJPyxQRk95A_qNBEkE?authuser=0&hl=tr&rclk=1
Kanuni Mesleki Ve Teknik Anadolu Lisesi,"Kadıköy, Vezir Sk. No:9/1, 41300 İzmit/Kocaeli",,,https://izmitkanunimtal.meb.k12.tr/,https://www.google.com/maps/place/%C3%96zel+Kalem+Kurs+Merkezi+Ba%C5%9Fiskele/data=!4m7!3m6!1s0x14cb45fd22915591:0x8937a63ce390a7ca!8m2!3d40.7100038!4d29.9291716!16s%2Fg%2F11lgxb1blf!19sChIJkVWRIv1FyxQRyqeQ4zymN4k?authuser=0&hl=tr&rclk=1
Kocaeli-Başiskele Özel Barbaros,"Barbaros, Kahramanlar Cd. No:188, 41090 Başiskele/Kocaeli",,,N/A,https://www.google.com/maps/place/%C4%B0zmit+%C4%B0ngilizce+Kursu+-+TEOL+%C4%B0zmit+Dil+Okulu+%C5%9Eubesi/data=!4m7!3m6!1s0x14cb4ff41906b70b:0x43a0c45a0fc7336!8m2!3d40.7648399!4d29.9379699!16s%2Fg%2F11hzy8h0q_!19sChIJC7cGGfRPyxQRNnP8oEUMOgQ?authuser=0&hl=tr&rclk=1
Kocaeli Üniversitesi Teknoloji Fakültesi,"Kabaoğlu, Kocaeli Ünv. Kampüsü No:2, 41000 İzmit/Kocaeli",,,N/A,https://www.google.com/maps/place/Kanuni+Mesleki+Ve+Teknik+Anadolu+Lisesi/data=!4m7!3m6!1s0x14cb4f88a471cf73:0x807d3b89f94e3ebe!8m2!3d40.7664789!4d29.939844!16s%2Fg%2F11r2rtp6lc!19sChIJc89xpIhPyxQRvj5O-Yk7fYA?authuser=0&hl=tr&rclk=1
American LIFE Gölcük,"Merkez, Cumhuriyet Cd. No:12, 41650 Gölcük/Kocaeli",(0262) 414 08 08,"chosen-sprite@2x.png, golcuk@americanlife.com.tr, flags@2x.png",https://www.americanlife.com.tr/golcuk,https://www.google.com/maps/place/Kocaeli-Ba%C5%9Fiskele+%C3%96zel+Barbaros/data=!4m7!3m6!1s0x14cb4378e8770cd9:0xc02f258acb54269a!8m2!3d40.6855312!4d29.9299501!16s%2Fg%2F11hrl1brs1!19sChIJ2Qx36HhDyxQRmiZUy4olL8A?authuser=0&hl=tr&rclk=1
ÖZEL YUVACIK KİŞİSEL GELİŞİM KURSU,"Yuvacık Fatih mah, Subaşı Sk. no:3, 41190 Başiskele/Kocaeli",0552 828 61 41,,https://www.instagram.com/ozel.yuvacik.kgk/,https://www.google.com/maps/place/Kocaeli+%C3%9Cniversitesi+Teknoloji+Fak%C3%BCltesi/data=!4m7!3m6!1s0x14cb4ef33844cccb:0x783e419b5d0539ef!8m2!3d40.8215372!4d29.9201908!16s%2Fg%2F113k6qb9z!19sChIJy8xEOPNOyxQR7zkFXZtBPng?authuser=0&hl=tr&rclk=1
Doğa Müzik Akademisi,"Yenişehir Mahallesi Dönmez Sokak No:6 Birlik İşmerkezi Kat:2, 41000 İzmit/Kocaeli",0541 883 16 68,,N/A,https://www.google.com/maps/place/American+LIFE+G%C3%B6lc%C3%BCk/data=!4m7!3m6!1s0x14cb4113084c40b7:0x68c4afa3eec24fec!8m2!3d40.7202967!4d29.8221222!16s%2Fg%2F11bxdv98vv!19sChIJt0BMCBNByxQR7E_C7qOvxGg?authuser=0&hl=tr&rclk=1
Seka Çocuk Dostlar Mesleki ve Teknik Anadolu Lisesi,"Çenedağ Mahallesi Esentepe Caddesi, Aslan Sk. No:23, 41900 Derince/Kocaeli",(0262) 223 12 91,,https://sekasml.meb.k12.tr/,https://www.google.com/maps/place/%C3%96ZEL+YUVACIK+K%C4%B0%C5%9E%C4%B0SEL+GEL%C4%B0%C5%9E%C4%B0M+KURSU/data=!4m7!3m6!1s0xa87494b4b9affdc9:0xf0f494185ec384a8!8m2!3d40.6907701!4d29.9648358!16s%2Fg%2F11x6rb2qrr!19sChIJyf2vubSUdKgRqITDXhiU9PA?authuser=0&hl=tr&rclk=1
Kullar 1. Bölge İöo,"Yaylacık, Karamürsel Cd., 41140 Başiskele/Kocaeli",,,N/A,https://www.google.com/maps/place/Do%C4%9Fa+M%C3%BCzik+Akademisi/data=!4m7!3m6!1s0x14cb4f8628fd39c3:0x96d603e7c561bb0!8m2!3d40.7668011!4d29.9660489!16s%2Fg%2F1ptxj6gn3!19sChIJwzn9KIZPyxQRsBtWfD5gbQk?authuser=0&hl=tr&rclk=1
Ayşenur Memili Sanat Atölyesi,"Yenişehir, Alev Sk. No:8/B, 41000 İzmit/Kocaeli",0545 363 73 18,,N/A,https://www.google.com/maps/place/Seka+%C3%87ocuk+Dostlar+Mesleki+ve+Teknik+Anadolu+Lisesi/data=!4m7!3m6!1s0x14cb4645907b14d9:0x20e3a0ac508b2607!8m2!3d40.7649535!4d29.8361763!16s%2Fg%2F1tjh1l7h!19sChIJ2RR7kEVGyxQRByaLUKyg4yA?authuser=0&hl=tr&rclk=1
Kocaeli Fen Lisesi,"Karadenizliler Çarşıbaşı Cad., Eyüpsultan Sok. No:10, Alikahya Merkez, 41310 İzmit/Kocaeli",(0262) 319 04 41,,http://www.kocaelifenlisesi.meb.k12.tr/,https://www.google.com/maps/place/Kullar+1.+B%C3%B6lge+%C4%B0%C3%B6o/data=!4m7!3m6!1s0x14cb4533cceaaaab:0xaeb596f2f3d008ac!8m2!3d40.7289215!4d29.9692656!16s%2Fg%2F11txv214q7!19sChIJq6rqzDNFyxQRrAjQ8_KWta4?authuser=0&hl=tr&rclk=1
Zübeyde Hanım Mesleki ve Teknik Anadolu Lisesi,"Yahyakaptan, Necip Fazıl Cd. No:11, 41050 İzmit/Kocaeli",,,N/A,https://www.google.com/maps/place/Ay%C5%9Fenur+Memili+Sanat+At%C3%B6lyesi/data=!4m7!3m6!1s0x14cb4f4cfd5571c1:0xc85a144d2c8100a1!8m2!3d40.7649387!4d29.961477!16s%2Fg%2F11y6tj2l2g!19sChIJwXFV_UxPyxQRoQCBLE0UWsg?authuser=0&hl=tr&rclk=1
Boyut Sanat - Başiskele Şubesi,"Fatih, Tınaztepe Cd. No:86A, 41190 Başiskele/Kocaeli",(0262) 606 02 67,"605a7baede844d278b89dc95ae0a9123@sentry-next.wixpress.com, 8eb368c655b84e029ed79ad7a5c1718e@sentry.wixpress.com, 9a65e97ebe8141fca0c4fd686f70996b@sentry.wixpress.com, c183baa23371454f99f417f6616b724d@sentry.wixpress.com, react-dom@18.3.1, react@18.3.1, 18d2f96d279149989b95faf0a4b41882@sentry-next.wixpress.com, 54b4aac306184111a223c0f4aea635c3@sentry.wixpress.com, dd0a55ccb8124b9c9d938e3acf41f8aa@sentry.wixpress.com, core-js-bundle@3.2.1, lodash@4.17.21, focus-within-polyfill@5.0.9, 8c4075d5481d476e945486754f783364@sentry.io, 5d1795a2db124a268f1e1bd88f503500@sentry.wixpress.com, sanatboyut@gmail.com",https://www.boyutsanat.com.tr/,https://www.google.com/maps/place/Kocaeli+Fen+Lisesi/data=!4m7!3m6!1s0x14cb502fd11854eb:0xa0936dd38e142a6b!8m2!3d40.7849868!4d29.9808845!16s%2Fg%2F1yfh_hzb0!19sChIJ61QY0S9QyxQRayoUjtNtk6A?authuser=0&hl=tr&rclk=1
Başiskele Türkiye Yüzyılı Gençlik Merkezi,"Yeşilyurt, Serkan Sk. No:4, 41190 Başiskele/Kocaeli",,,https://genciala.basiskele.bel.tr/,https://www.google.com/maps/place/Z%C3%BCbeyde+Han%C4%B1m+Mesleki+ve+Teknik+Anadolu+Lisesi/data=!4m7!3m6!1s0x14cb4f8b8c76b015:0x5b41a58e9f6573a3!8m2!3d40.7680833!4d29.9744318!16s%2Fg%2F11j014sl5p!19sChIJFbB2jItPyxQRo3Nln46lQVs?authuser=0&hl=tr&rclk=1
İzmit Anadolu İmam Hatip Lisesi,"Ömerağa, Alemdar Cd. No:55, 41300, 41300 İzmit/Kocaeli",(0262) 321 12 93,,http://izmitihl.meb.k12.tr/,https://www.google.com/maps/place/Boyut+Sanat+-+Ba%C5%9Fiskele+%C5%9Eubesi/data=!4m7!3m6!1s0x14cb4525715a784f:0x3f77b0c717e93822!8m2!3d40.7036472!4d29.9623896!16s%2Fg%2F11w907wxks!19sChIJT3hacSVFyxQRIjjpF8ewdz8?authuser=0&hl=tr&rclk=1
American LIFE Yahya Kaptan,"Alikahya Fatih, Sarı Leylak Sk. Ekşi İş Merkezi Kat:3 No:116, 41310 İzmit/Kocaeli",(0262) 220 00 00,"chosen-sprite@2x.png, flags@2x.png, yahyakaptan@americanlife.com.tr",https://www.americanlife.com.tr/yahyakaptan/,https://www.google.com/maps/place/Ba%C5%9Fiskele+T%C3%BCrkiye+Y%C3%BCzy%C4%B1l%C4%B1+Gen%C3%A7lik+Merkezi/data=!4m7!3m6!1s0x14cb450039145361:0x85249f2cc71debf6!8m2!3d40.7210571!4d29.9483385!16s%2Fg%2F11l5ftbt14!19sChIJYVMUOQBFyxQR9usdxyyfJIU?authuser=0&hl=tr&rclk=1
"Teenglish, İzmit","No:, Alikahya Fatih, Kural Sk. No:30, 41310 İzmit/Kocaeli",(0262) 319 10 11,,N/A,https://www.google.com/maps/place/%C4%B0zmit+Anadolu+%C4%B0mam+Hatip+Lisesi/data=!4m7!3m6!1s0x14cb4f85dc4b046f:0x5dd5c1ef5d41def7!8m2!3d40.7656575!4d29.9278574!16s%2Fg%2F1v3g6lq1!19sChIJbwRL3IVPyxQR995BXe_B1V0?authuser=0&hl=tr&rclk=1
EduVista Learning Kocaeli,"FAZLIOĞLU İŞ MERKEZİ, Kemalpaşa, Gümrükçüler Cd. NO:13 ASMA KAT, 41100 İzmit/Kocaeli",0543 353 41 16,,N/A,https://www.google.com/maps/place/American+LIFE+Yahya+Kaptan/data=!4m7!3m6!1s0x14cb51f924591133:0xfee486904fb17b9d!8m2!3d40.7760208!4d29.9770538!16s%2Fg%2F11t_zjm7wv!19sChIJMxFZJPlRyxQRnXuxT5CG5P4?authuser=0&hl=tr&rclk=1
Kocaeli Üniversitesi Diş Hekimliği Fakültesi,"Paşadağ, Akçakesme Sk. Kocaeli Üniversitesi Yuvacık Yerleşkesi No:7, 41190 Başiskele/Kocaeli",(0262) 344 22 22,,http://dishek.kocaeli.edu.tr/,"https://www.google.com/maps/place/Teenglish,+%C4%B0zmit/data=!4m7!3m6!1s0x14cb50210a44597b:0x49c6c4f05b7c6b10!8m2!3d40.7727355!4d29.978427!16s%2Fg%2F11clvt1b9t!19sChIJe1lECiFQyxQREGt8W_DExkk?authuser=0&hl=tr&rclk=1"
İzmit Sürücü Kursları,"Yenişehir, Dönmez Sk. No:1/2, 41050 İzmit/Kocaeli",0506 709 05 76,info@izmitsurucukurslari.com,https://www.izmitsurucukurslari.com/,https://www.google.com/maps/place/Kocaeli+%C3%9Cniversitesi+Di%C5%9F+Hekimli%C4%9Fi+Fak%C3%BCltesi/data=!4m7!3m6!1s0x14cb5b310af2af31:0x4277fa0d20239474!8m2!3d40.7080964!4d29.9751295!16s%2Fg%2F12ml2l6xn!19sChIJMa_yCjFbyxQRdJQjIA36d0I?authuser=0&hl=tr&rclk=1
Nar Montessori Kreş ve Anaokulu Başiskele,"Yeşilyurt, Çalışkan Sok 9/B, 41190 Başiskele/Kocaeli",0549 170 00 41,,https://www.narmontessori.com/,https://www.google.com/maps/place/%C3%96ZEL+BA%C5%9E%C4%B0SKELE+PALAND%C3%96KEN+MOTORLU+TA%C5%9EITLAR+S%C3%9CR%C3%9CC%C3%9C+KURSU/data=!4m7!3m6!1s0x14cb45ef8b876b49:0xb0701a0834989f27!8m2!3d40.7098579!4d29.9230136!16s%2Fg%2F11t9mn3y7l!19sChIJSWuHi-9FyxQRJ5-YNAgacLA?authuser=0&hl=tr&rclk=1
Kültür Okulları Sepetlipınar Yerleşkesi,"No:, Karşıyaka, Denizdibi Sk. No:6, 41275 Başiskele/Kocaeli",,,N/A,https://www.google.com/maps/place/Kocaeli+%C3%9Cniversitesi+Arslanbey+Yerle%C5%9Fkesi/data=!4m7!3m6!1s0x14cb5a5772b167f9:0x686488caac52f792!8m2!3d40.7082806!4d30.0262542!16s%2Fg%2F1vcmkyld!19sChIJ-WexcldayxQRkvdSrMqIZGg?authuser=0&hl=tr&rclk=1
Başiskele Mahmutpaşa Ortaokulu,"Mahmutpaşa, Karamürsel Cd. No:328, 41140 Başiskele/Kocaeli",,,N/A,https://www.google.com/maps/place/Nar+Montessori+Kre%C5%9F+ve+Anaokulu+Ba%C5%9Fiskele/data=!4m7!3m6!1s0x14cb456777fedec9:0xb2803fae17b1d47a!8m2!3d40.721378!4d29.9664611!16s%2Fg%2F11t27kc993!19sChIJyd7-d2dFyxQRetSxF64_gLI?authuser=0&hl=tr&rclk=1
Bahçecik İlkokulu,"Kılıçarslan, Zeynep Ultav Sk. No:4, 41030 Başiskele/Kocaeli",(0262) 342 20 07,,N/A,https://www.google.com/maps/place/K%C3%BClt%C3%BCr+Okullar%C4%B1+Sepetlip%C4%B1nar+Yerle%C5%9Fkesi/data=!4m7!3m6!1s0x14cb440ff5e92cf5:0xf4a8d03ca6a2e8af!8m2!3d40.7102401!4d29.8931588!16s%2Fg%2F11bxdvq5xq!19sChIJ9Szp9Q9EyxQRr-iipjzQqPQ?authuser=0&hl=tr&rclk=1
İzmit Namık Kemal Anadolu Lisesi,"Karadenizliler, Gizemnur Cd. No:25, 41050 İzmit/Kocaeli",(0262) 321 20 92,,http://izmitnkal.meb.k12.tr/,https://www.google.com/maps/place/Ba%C5%9Fiskele+Mahmutpa%C5%9Fa+Ortaokulu/data=!4m7!3m6!1s0x14cb4540b98f78fb:0xd83b56dac92da32e!8m2!3d40.7285968!4d29.9600845!16s%2Fg%2F11flvydns7!19sChIJ-3iPuUBFyxQRLqMtydpWO9g?authuser=0&hl=tr&rclk=1
Özel Şirin Sürücü Kursu ve Erkek Öğrenci Yurdu,"28 Haziran Mahallesi Turan Güneş Cad No:297 K:5, Bekirdere, 41050 İzmit/Kocaeli",(0262) 325 33 33,,N/A,https://www.google.com/maps/place/Bah%C3%A7ecik+%C4%B0lkokulu/data=!4m7!3m6!1s0x14cb43ba80134303:0xdfef07d0471c3327!8m2!3d40.668411!4d29.9134012!16s%2Fg%2F1hc542d38!19sChIJA0MTgLpDyxQRJzMcR9AH798?authuser=0&hl=tr&rclk=1
Kartepe Jet Sürücü Kursları (KÖSEKÖY ŞUBE),"Dumlupınar, Sakıp Sabancı Cd. No:52, 41250 Kartepe/Kocaeli",0533 953 12 11,,N/A,https://www.google.com/maps/place/%C4%B0zmit+Nam%C4%B1k+Kemal+Anadolu+Lisesi/data=!4m7!3m6!1s0x14cb4fedfa48e087:0xa0716c8b1f0ae4d3!8m2!3d40.7827933!4d29.982189!16s%2Fg%2F1tg0b1cl!19sChIJh-BI-u1PyxQR0-QKH4tscaA?authuser=0&hl=tr&rclk=1
KO-MEK Bahçecik Kurs Merkezi,"Yaylacık, Belediye Sk. No:3, 41140 Başiskele/Kocaeli",(0232) 342 42 88,,N/A,https://www.google.com/maps/place/%C3%96zel+%C5%9Eirin+S%C3%BCr%C3%BCc%C3%BC+Kursu+ve+Erkek+%C3%96%C4%9Frenci+Yurdu/data=!4m7!3m6!1s0x14cb4feca350cdcd:0x5a3f40de37b3a1f4!8m2!3d40.772804!4d29.9522776!16s%2Fg%2F113j9w_7c!19sChIJzc1Qo-xPyxQR9KGzN95AP1o?authuser=0&hl=tr&rclk=1
American LIFE Kocaeli İzmit,"Karabaş, Mimar Sinan Sk. No:19, 41100 İzmit/Kocaeli",(0262) 321 11 99,izmit@americanlife.com.tr,https://www.americanlife.com.tr/izmit,https://www.google.com/maps/place/Kartepe+Jet+S%C3%BCr%C3%BCc%C3%BC+Kurslar%C4%B1+%28K%C3%96SEK%C3%96Y+%C5%9EUBE%29/data=!4m7!3m6!1s0x6eeb6d7da489d39d:0x2e4a89c0c2286a68!8m2!3d40.755438!4d30.024615!16s%2Fg%2F11s7xmsz2r!19sChIJndOJpH1t624RaGoowsCJSi4?authuser=0&hl=tr&rclk=1
Evrensel Matematik Köyü Kurs Merkezi,"ARASTA PARK AVM, Yahyakaptan, Akasyalar Cd. No:24 B-Blok, 41000 İzmit/Kocaeli",0530 171 08 41,,https://www.evrenselmatematikkoyu.com/,https://www.google.com/maps/place/KO-MEK+Bah%C3%A7ecik+Kurs+Merkezi/data=!4m7!3m6!1s0x14cb4533afd64b35:0x854148750478e7b!8m2!3d40.72896!4d29.970669!16s%2Fg%2F11b6hqn2gy!19sChIJNUvWrzNFyxQRe45HUIcUVAg?authuser=0&hl=tr&rclk=1
KOCAELİ41 SÜRÜCÜ KURSU,"Tepecik Tepecik Sk.F.Yalım İş Hanı No:9 Kat:2, 41200 İzmit/Kocaeli",0507 481 61 94,,N/A,https://www.google.com/maps/place/Evrensel+Matematik+K%C3%B6y%C3%BC+Kurs+Merkezi/data=!4m7!3m6!1s0x14cb4ff104aac303:0xc9d7e2b80c83e113!8m2!3d40.7671724!4d29.9759688!16s%2Fg%2F11fxy2jjbs!19sChIJA8OqBPFPyxQRE-GDDLji18k?authuser=0&hl=tr&rclk=1
İzmit Özel Ders - Kocaeli Özel Ders - 41 Ders Akademi,"Yenişehir, Mermer Sk. No:19/A, 41000 İzmit/Kocaeli",0532 615 27 41,,https://41dersakademi.com/,https://www.google.com/maps/place/Bil+Kurs+Ba%C5%9Fiskele/data=!4m7!3m6!1s0x14cb452a02073e1f:0xc96ab542d367ac56!8m2!3d40.7267149!4d29.9594171!16s%2Fg%2F11s5hdhr0m!19sChIJHz4HAipFyxQRVqxn00K1ask?authuser=0&hl=tr&rclk=1
Akın Dil Kocaeli,"Tepecik, Tokoğlu sokak no:7, 41200 İzmit/Kocaeli",0555 144 58 64,"info@akindil.com, kocaeli@akindil.com",https://akindil.com/sube-detay/kocaeli/1645537591,https://www.google.com/maps/place/KOCAEL%C4%B041+S%C3%9CR%C3%9CC%C3%9C+KURSU/data=!4m7!3m6!1s0x14cb454120684f5d:0x662c262fabea667c!8m2!3d40.7646678!4d29.9243422!16s%2Fg%2F11hz3jgfq3!19sChIJXU9oIEFFyxQRfGbqqy8mLGY?authuser=0&hl=tr&rclk=1
Misak-ı Milli İlkokulu,"Altınkent, 29 Ekim Cd. No:101, 41090 Başiskele/Kocaeli",(0262) 346 75 53,,N/A,https://www.google.com/maps/place/%C4%B0zmit+%C3%96zel+Ders+-+Kocaeli+%C3%96zel+Ders+-+41+Ders+Akademi/data=!4m7!3m6!1s0x14cb4f953d581299:0x64ff56053058ccce!8m2!3d40.7640201!4d29.9609348!16s%2Fg%2F11vwwm83d8!19sChIJmRJYPZVPyxQRzsxYMAVW_2Q?authuser=0&hl=tr&rclk=1
Başiskele Çocuk Üniversitesi,"Şehit Ekrem Mahallesi, Koca Orman Cd. No:2, 41030 Başiskele/Kocaeli",(0262) 342 27 00,,http://cocukuniversitesi.basiskele.bel.tr/,https://www.google.com/maps/place/Ak%C4%B1n+Dil+Kocaeli/data=!4m7!3m6!1s0x14cb45d81cfef665:0xd20a01db43ce9faf!8m2!3d40.7652326!4d29.9257694!16s%2Fg%2F11r_clbs64!19sChIJZfb-HNhFyxQRr5_OQ9sBCtI?authuser=0&hl=tr&rclk=1
Uğur Okulları izmit Anadolu Lisesi,"Karabaş, Cebesoy Sk. no 10, 41040 İzmit/Kocaeli",(0262) 324 03 03,,https://www.ugurokullari.k12.tr/,https://www.google.com/maps/place/Misak-%C4%B1+Milli+%C4%B0lkokulu/data=!4m7!3m6!1s0x14cb449c26729a25:0x1b24ad0710510e96!8m2!3d40.6954006!4d29.9463226!16s%2Fg%2F113fpj5yg!19sChIJJZpyJpxEyxQRlg5REAetJBs?authuser=0&hl=tr&rclk=1
İZMİT ÖZEL KALE ANAOKULU,"Alikahya Fatih, Seymen Cd. No:25, 41310 İzmit/Kocaeli",(0262) 319 36 35,info@www.kaleokullari.com,http://www.kaleokullari.com/,https://www.google.com/maps/place/Ba%C5%9Fiskele+%C3%87ocuk+%C3%9Cniversitesi/data=!4m7!3m6!1s0x14cb43a53721356f:0x5e35874a39e5d4a3!8m2!3d40.6717103!4d29.9181539!16s%2Fg%2F11g886gjg7!19sChIJbzUhN6VDyxQRo9TlOUqHNV4?authuser=0&hl=tr&rclk=1
başiskele gübretaş ilkokulu,"Paşadağ, 41190 Başiskele/Kocaeli",,,N/A,https://www.google.com/maps/place/U%C4%9Fur+Okullar%C4%B1+izmit+Anadolu+Lisesi/data=!4m7!3m6!1s0x14cb452c4b3c600f:0x3c959c8c74f1510e!8m2!3d40.7632413!4d29.9322739!16s%2Fg%2F11h4ydfwp3!19sChIJD2A8SyxFyxQRDlHxdIyclTw?authuser=0&hl=tr&rclk=1
KO-MEK - Kocaeli Büyükşehir Belediyesi Meslek ve Sanat Eğitimi Kursları,"Salim Dervişoğlu Cad. Leyla Atakan Kültür ve Eğitim Merkezi Kocaeli Fuarı, 41100 İzmit/Kocaeli",(0262) 325 63 63,komek@kocaeli.bel.tr,https://www.komek.org/,https://www.google.com/maps/place/%C4%B0ZM%C4%B0T+%C3%96ZEL+KALE+ANAOKULU/data=!4m7!3m6!1s0x14cb50272b2b519d:0x13c07a8386d4e43f!8m2!3d40.7752571!4d29.9770774!16s%2Fg%2F11cm0by3ny!19sChIJnVErKydQyxQRP-TUhoN6wBM?authuser=0&hl=tr&rclk=1
Başiskele Halk Eğitimi Merkezi,"Seymen, Preveze Cd. no:2, 41245 Başiskele/Kocaeli",(0262) 343 52 97,,https://basiskelehem.meb.k12.tr/,https://www.google.com/maps/place/ba%C5%9Fiskele+g%C3%BCbreta%C5%9F+ilkokulu/data=!4m7!3m6!1s0x14cb5b36e6f3ecf5:0xa5a2715d6dd73be2!8m2!3d40.6983343!4d29.9822096!16s%2Fg%2F11gfd6f4hp!19sChIJ9ezz5jZbyxQR4jvXbV1xoqU?authuser=0&hl=tr&rclk=1
Kullar Kartonsan Ortaokulu,"Kullar Yakacık, Özen Sk. 13-1, 41140 Başiskele/Kocaeli",,,N/A,https://www.google.com/maps/place/KO-MEK+-+Kocaeli+B%C3%BCy%C3%BCk%C5%9Fehir+Belediyesi+Meslek+ve+Sanat+E%C4%9Fitimi+Kurslar%C4%B1/data=!4m7!3m6!1s0x14cb45632f7585c5:0x33e9526a93958110!8m2!3d40.759995!4d29.940366!16s%2Fg%2F1tg_6tym!19sChIJxYV1L2NFyxQREIGVk2pS6TM?authuser=0&hl=tr&rclk=1
Kılavuz Özel Öğretim Kursu,"Sahil, Yürüyüş Cd. No:21/A, 41090 Başiskele/Kocaeli",0530 889 87 72,info@kilavuzegitimkocaeli.com,https://www.kilavuzegitimkocaeli.com/,https://www.google.com/maps/place/Ba%C5%9Fiskele+Halk+E%C4%9Fitimi+Merkezi/data=!4m7!3m6!1s0x14cb45d0ac0cf035:0x5525b49545c51d47!8m2!3d40.7119598!4d29.9083272!16s%2Fg%2F11h1yg9c9w!19sChIJNfAMrNBFyxQRRx3FRZW0JVU?authuser=0&hl=tr&rclk=1
KO-MEK Mevlana Kurs Merkezi,"28 Haziran, Alkan Sk. NO:11 K:2, 41100 İzmit/Kocaeli",(0262) 324 71 86,komek@kocaeli.bel.tr,https://www.komek.org/kursmerkezleri/detay/16/mevlana,https://www.google.com/maps/place/Kullar+Kartonsan+Ortaokulu/data=!4m7!3m6!1s0x14cb5ad0bc8eb3a1:0x6a7ee888aca0fba9!8m2!3d40.7184129!4d29.9847357!16s%2Fg%2F11c7sr48xh!19sChIJobOOvNBayxQRqfugrIjofmo?authuser=0&hl=tr&rclk=1
Özel Sultan Eğitim Kurumları,"Yaylacık, Yaylacık Cd. No: 45/1, 41140 Başiskele/Kocaeli",0531 432 33 94,,http://www.sultanegitimkurumlari.com/,https://www.google.com/maps/place/K%C4%B1lavuz+%C3%96zel+%C3%96%C4%9Fretim+Kursu/data=!4m7!3m6!1s0x14cb45122be78a75:0xfa4834d7c480a1e5!8m2!3d40.7130425!4d29.9337963!16s%2Fg%2F11p0_frbnw!19sChIJdYrnKxJFyxQR5aGAxNc0SPo?authuser=0&hl=tr&rclk=1
Özel İzmit Düş Bahçesi İlkokulu,"Yenişehir, Şht. Ender Güven Sk. No:38, 41050 İzmit/Kocaeli",0543 457 55 45,mail@oscarmedya.com,https://dusbahcesiilkokulu.com/,https://www.google.com/maps/place/KO-MEK+Mevlana+Kurs+Merkezi/data=!4m7!3m6!1s0x14cb4feb5505ff03:0x130e13331543525e!8m2!3d40.7735519!4d29.9510352!16s%2Fg%2F11c5b6ym2q!19sChIJA_8FVetPyxQRXlJDFTMTDhM?authuser=0&hl=tr&rclk=1
BAŞÖĞRETMEN MESLEKİ VE TEKNİK ANADOLU LİSESİ,"Alikahya Fatih, Şemi Ergin Cad No:12, 41100 İzmit/Kocaeli",(0262) 319 42 43,,N/A,https://www.google.com/maps/place/%C3%96zel+%C4%B0zmit+D%C3%BC%C5%9F+Bah%C3%A7esi+%C4%B0lkokulu/data=!4m7!3m6!1s0x14cb461550f281bd:0xad180fad976330e!8m2!3d40.7834705!4d29.973455!16s%2Fg%2F1td5cg2g!19sChIJvYHyUBVGyxQRDjN22fqA0Qo?authuser=0&hl=tr&rclk=1
Seray Sürücü Kursu,"Ömerağa, Akça Cami Cd. no:20 kat:1 daire:4, 41050 İzmit/Kocaeli",(0262) 334 00 19,,http://www.seraysurucukursu.com/,https://www.google.com/maps/place/BA%C5%9E%C3%96%C4%9ERETMEN+MESLEK%C4%B0+VE+TEKN%C4%B0K+ANADOLU+L%C4%B0SES%C4%B0/data=!4m7!3m6!1s0x14cb50392d10348b:0xa693a190c6a70d9a!8m2!3d40.7706711!4d29.9936769!16s%2Fg%2F1tp1dhqf!19sChIJizQQLTlQyxQRmg2nxpChk6Y?authuser=0&hl=tr&rclk=1
Sürücü Kursu Alanı,"Ovacık, Çuhane Cd. No:18, 41140 Başiskele/Kocaeli",,,N/A,https://www.google.com/maps/place/Birikim+Okullar%C4%B1+Ba%C5%9Fiskele+Kamp%C3%BCs%C3%BC/data=!4m7!3m6!1s0x14cb4522983801d3:0xaefc4ebe43d7aa18!8m2!3d40.6819215!4d29.9177332!16s%2Fg%2F11tstyq7g6!19sChIJ0wE4mCJFyxQRGKrXQ75O_K4?authuser=0&hl=tr&rclk=1
Özel Meryem Hatun Sevgi Tanesi Anaokulu,"Damlar, Gencer Sk. NO:12 /1, 41245 Başiskele/Kocaeli",0530 366 25 15,,https://okuloncesigonulluleri.com/?page_id=7762,https://www.google.com/maps/place/S%C3%BCr%C3%BCc%C3%BC+Kursu+Alan%C4%B1/data=!4m7!3m6!1s0x14cb500930d021a3:0x4df2740b7a7f333a!8m2!3d40.752672!4d29.9895509!16s%2Fg%2F1tcyzyp_!19sChIJoyHQMAlQyxQROjN_egt08k0?authuser=0&hl=tr&rclk=1
ÖZEL İZMİT BİREY ANADOLU LİSESİ,"Yenişehir, Gazi Mustafa Kemal Blv. No:110, 41050 İzmit/Kocaeli",(0262) 331 53 17,,N/A,https://www.google.com/maps/place/Dkt.+Elif+Y%C3%BCcesoy+Dil+ve+Konu%C5%9Fma+Merkezi/data=!4m7!3m6!1s0xa22fd30b00e100e1:0x7085c862bca732b9!8m2!3d40.7645731!4d29.9395331!16s%2Fg%2F11wx5lcdhr!19sChIJ4QDhAAvTL6IRuTKnvGLIhXA?authuser=0&hl=tr&rclk=1
Başarın Yeri,"Barbaros, Eylül Sk. No:9, 41090 Başiskele/Kocaeli",,,N/A,https://www.google.com/maps/place/%C3%96zel+Meryem+Hatun+Sevgi+Tanesi+Anaokulu/data=!4m7!3m6!1s0x14cb44767309b739:0x316d32a334fd0d43!8m2!3d40.69825!4d29.911044!16s%2Fg%2F11gfzpjjjk!19sChIJObcJc3ZEyxQRQw39NKMybTE?authuser=0&hl=tr&rclk=1
Özel Filiz Özar Bale Ve Müzik Kursu,"Kemalpaşa, İmaret Ykş. No:6, 41200 İzmit/Kocaeli",(0262) 322 66 55,,N/A,https://www.google.com/maps/place/%C3%96ZEL+%C4%B0ZM%C4%B0T+B%C4%B0REY+ANADOLU+L%C4%B0SES%C4%B0/data=!4m7!3m6!1s0x14cb4fefbbc9105f:0x9dcb2ee834a79f52!8m2!3d40.767392!4d29.960493!16s%2Fg%2F11c5rs4_w4!19sChIJXxDJu-9PyxQRUp-nNOguy50?authuser=0&hl=tr&rclk=1
Dkt. Nergis Denizci,"Körfez, Yüce Rıfat Sk. No:31, 41040 İzmit/Kocaeli",,,https://www.doktortakvimi.com/nergis-denizci/dil-ve-konusma-terapisti/kocaeli?utm_source=google&utm_medium=gmb&utm_campaign=249508&utm_content=website,https://www.google.com/maps/place/Ba%C5%9Far%C4%B1n+Yeri/data=!4m7!3m6!1s0x14cb450065bbeb2b:0x35e66ded52813406!8m2!3d40.7043724!4d29.9371121!16s%2Fg%2F11vwyl8b6c!19sChIJK-u7ZQBFyxQRBjSBUu1t5jU?authuser=0&hl=tr&rclk=1
Dil Kulesi Yabanci Dil Kurslari,"31, Yahyakaptan, Şht. Ergün Köncü Sk., 41050 İzmit/Kocaeli",(0262) 323 44 74,,http://www.dilkulesi.com/,https://www.google.com/maps/place/%C3%96zel+Filiz+%C3%96zar+Bale+Ve+M%C3%BCzik+Kursu/data=!4m7!3m6!1s0x14cb4585714aad3d:0x32283ce98f60734a!8m2!3d40.7628565!4d29.9217036!16s%2Fg%2F1hc2kclx5!19sChIJPa1KcYVFyxQRSnNgj-k8KDI?authuser=0&hl=tr&rclk=1
Başiskele Batışehir Anaokulu,"Serdar, Sultan Murat Cd. No:13, 41190 Başiskele/Kocaeli",0533 368 81 41,"info@inciyildiz.k12.tr, user@domainname.com",http://www.inciyildiz.k12.tr/,https://www.google.com/maps/place/Dil+Kulesi+Yabanci+Dil+Kurslari/data=!4m7!3m6!1s0x14cb4fe13a8a1a63:0x68dba84f3bc5a52f!8m2!3d40.76983!4d29.969065!16s%2Fg%2F11g02d0cn8!19sChIJYxqKOuFPyxQRL6XFO0-o22g?authuser=0&hl=tr&rclk=1
Kocaeli Üniversitesi Ortodonti Anabilim Dalı,"Kocaeli Üniversitesi, Paşadağ, Akçakesme Sk, Yuvacık Yerleşkesi No:7, 41190 Başiskele/Kocaeli",,,N/A,https://www.google.com/maps/place/%C3%96zel+Ba%C5%9Fiskele+Nisa+Ki%C5%9Fisel+Geli%C5%9Fim+Kursu/data=!4m7!3m6!1s0x14cb437a868e4a03:0x96ab4815c2667f7b!8m2!3d40.6880088!4d29.9215254!16s%2Fg%2F11khw2j3lk!19sChIJA0qOhnpDyxQRe39mwhVIq5Y?authuser=0&hl=tr&rclk=1
Şirin Sürücü Kursu,"Karabaş, İnönü Cd. No:234, 41040 İzmit/Kocaeli",(0262) 325 85 38,,N/A,https://www.google.com/maps/place/Ba%C5%9Fiskele+Bat%C4%B1%C5%9Fehir+Anaokulu/data=!4m7!3m6!1s0x14cb45513d72c519:0xdef2e27fc0ae2685!8m2!3d40.7126391!4d29.9354529!16s%2Fg%2F11ld5hfn5b!19sChIJGcVyPVFFyxQRhSauwH_i8t4?authuser=0&hl=tr&rclk=1
ODTÜ Geliştirme Vakfı Özel Kocaeli Okulları (Anaokul - İlkokul - Ortaokul - Lise),"Serdar, Anadolu Cd. No:10, 41100 İzmit/Kocaeli",(0262) 226 10 42,bilgi@odtugvkocaeli.k12.tr,https://www.odtugvkocaeli.k12.tr/,https://www.google.com/maps/place/Kocaeli+%C3%9Cniversitesi+Ortodonti+Anabilim+Dal%C4%B1/data=!4m7!3m6!1s0x14cb5bc657612f39:0x338a70e1dd114c26!8m2!3d40.7080452!4d29.9745746!16s%2Fg%2F11rww_jh24!19sChIJOS9hV8ZbyxQRJkwR3eFwijM?authuser=0&hl=tr&rclk=1
İzmit İbni Sina Anadolu İmam Hatip Lisesi,"M. Alipaşa, Çakar Sk. No:37, 41050, 41050 İzmit/Kocaeli",(0262) 325 61 10,,N/A,https://www.google.com/maps/place/ODT%C3%9C+Geli%C5%9Ftirme+Vakf%C4%B1+%C3%96zel+Kocaeli+Okullar%C4%B1+%28Anaokul+-+%C4%B0lkokul+-+Ortaokul+-+Lise%29/data=!4m7!3m6!1s0x14cb45f9d8803f77:0xad72593c2ee572f3!8m2!3d40.7728862!4d29.8932436!16s%2Fg%2F113jd0b6s!19sChIJdz-A2PlFyxQR83LlLjxZcq0?authuser=0&hl=tr&rclk=1
Özel Yıldızlar Anaokulu Başiskele,"Sahil, Güvenlik Cd. No:4, 41090 Başiskele/Kocaeli",0530 044 41 00,,http://www.basiskeleyildizlaranaokulu.com/,https://www.google.com/maps/place/%C4%B0zmit+Lale+S%C3%BCr%C3%BCc%C3%BC+Kursu/data=!4m7!3m6!1s0x14cb4f46a721846b:0x542da9d1b32213d6!8m2!3d40.7651243!4d29.9398213!16s%2Fg%2F11vk7qz_3b!19sChIJa4Qhp0ZPyxQR1hMis9GpLVQ?authuser=0&hl=tr&rclk=1
Özel Karşıyaka Koleji,"Karşıyaka, Beyazıt Cad./36. Sok. No:8, 41190 Başiskele/Kocaeli (İzmit)",(0262) 343 21 38,,N/A,https://www.google.com/maps/place/%C4%B0zmit+%C4%B0bni+Sina+Anadolu+%C4%B0mam+Hatip+Lisesi/data=!4m7!3m6!1s0x14cb4fed76aca8dd:0x8ed5a63871888e31!8m2!3d40.7687974!4d29.9536085!16s%2Fg%2F12mkzjq2y!19sChIJ3aisdu1PyxQRMY6IcTim1Y4?authuser=0&hl=tr&rclk=1
Bahçecik Damlar İlkokulu,"Bahçecik, Mahmut Çavuş Cd. No:85, 41245 Başiskele/Kocaeli",(0262) 342 32 51,,http://bahcecikdamlario.meb.k12.tr/,https://www.google.com/maps/place/%C3%96zel+Y%C4%B1ld%C4%B1zlar+Anaokulu+Ba%C5%9Fiskele/data=!4m7!3m6!1s0x14cb45f2dc7611a7:0x81c777d76129da52!8m2!3d40.712186!4d29.9267355!16s%2Fg%2F11gh9q3lf1!19sChIJpxF23PJFyxQRUtopYdd3x4E?authuser=0&hl=tr&rclk=1
Özel Çocuk Dünyası Anaokulu | Kocaelinde Anaokulu | Kocaelinde Yaz Okulu | Kocaelinde Kreş | Kocaelinde Gündüz Bakım Evi,"Yeniköy Merkez, Medeniyet Cd. No:16, 41190 Başiskele/Kocaeli",0532 130 05 45,info@cocukdunyasianaokulu.com,https://www.cocukdunyasianaokulu.com.tr/,https://www.google.com/maps/place/%C3%96zel+Kar%C5%9F%C4%B1yaka+Koleji/data=!4m7!3m6!1s0x14cb453f57e07aaf:0x152c1900b5be7212!8m2!3d40.7234875!4d29.959661!16s%2Fg%2F1tf45gty!19sChIJr3rgVz9FyxQREnK-tQAZLBU?authuser=0&hl=tr&rclk=1
Anadolu Üniversitesi,"M. Alipaşa, Gazi Mustafa Kemal Blv. Efe Apartmanı No:59, 41050 İzmit/Kocaeli",,,N/A,https://www.google.com/maps/place/%C3%96zel+Filiz+%C3%96zar+Bale+Ve+M%C3%BCzik+Kursu/data=!4m7!3m6!1s0x14cb502140bff727:0xe89e1752f747d11!8m2!3d40.7738659!4d29.9784785!16s%2Fg%2F11c6dg2cms!19sChIJJ_e_QCFQyxQREX10L3XhiQ4?authuser=0&hl=tr&rclk=1
Mimar Sinan Anadolu Lisesi,"Cedit, Turan Güneş Cd. No:65, 41300 İzmit/Kocaeli",(0262) 321 48 21,,N/A,https://www.google.com/maps/place/Seymen+%C4%B0lkokulu/data=!4m7!3m6!1s0x14cb4144a29c5829:0x3dfa1b733f54fffb!8m2!3d40.7117256!4d29.9085909!16s%2Fg%2F11b7q508kn!19sChIJKVicokRByxQR-_9UP3Mb-j0?authuser=0&hl=tr&rclk=1
Kaptan Psikoteknik Merkezi,"Yahyakaptan, Şht. Ali İhsan Çakmak Sk. No:32/2, 41050 İzmit/Kocaeli",0552 367 02 41,,http://www.kaptanpsikoteknik.com/,https://www.google.com/maps/place/Anadolu+%C3%9Cniversitesi/data=!4m7!3m6!1s0x14cb4ff27af3368f:0x3c6a22967cc7c513!8m2!3d40.7673215!4d29.954448!16s%2Fg%2F11flc0lc4w!19sChIJjzbzevJPyxQRE8XHfJYiajw?authuser=0&hl=tr&rclk=1
Nadide Okulları,"Damlar, Mahmut Çavuş Cd. No:104, 41090 Başiskele/Kocaeli",(0262) 346 70 70,info@nadideokul.com,http://www.ndd.com.tr/,https://www.google.com/maps/place/Kaptan+Psikoteknik+Merkezi/data=!4m7!3m6!1s0x14cb4fd39fc3bbdd:0x84567f49efd84985!8m2!3d40.7700203!4d29.9686942!16s%2Fg%2F11j2zrcggl!19sChIJ3bvDn9NPyxQRhUnY70l_VoQ?authuser=0&hl=tr&rclk=1
Dore Müzik Ve Bale Merkezi,"Haldız İş Hanı, Körfez, Ankara Karayolu Cd 121A Kat:2, 41040 İzmit/Kocaeli",,,N/A,https://www.google.com/maps/place/Kocaeli+%C3%9Cniversitesi+Devlet+Konservatuvar%C4%B1/data=!4m7!3m6!1s0x14cb45e076f595f9:0x3651db79d1d1e6ea!8m2!3d40.723794!4d29.9711745!16s%2Fg%2F11h80src8x!19sChIJ-ZX1duBFyxQR6ubR0XnbUTY?authuser=0&hl=tr&rclk=1
Yase Dil ve Konuşma Merkezi,"Sahil, Eyüp Sultan Cd. No:1, 41090 Başiskele/Kocaeli",0545 125 19 41,,N/A,https://www.google.com/maps/place/Nadide+Okullar%C4%B1/data=!4m7!3m6!1s0x14cb438b2cd53687:0xd29ad6f25a0502e7!8m2!3d40.6931867!4d29.9194166!16s%2Fg%2F11w8nf1q40!19sChIJhzbVLItDyxQR5wIFWvLWmtI?authuser=0&hl=tr&rclk=1
Akademik International Yabancı Dil Kursu Kocaeli Kampüsü,"Ömerağa Mah Alemdar Cad, M. Levent Ersoy Sk. No: 5-6, 41300 İzmit/Kocaeli",0545 116 41 41,info@akademik.com.tr,https://www.akademik.com.tr/,https://www.google.com/maps/place/Dore+M%C3%BCzik+Ve+Bale+Merkezi/data=!4m7!3m6!1s0x14cb4f888ac57031:0x8fafdf857893c86e!8m2!3d40.7630046!4d29.9430139!16s%2Fg%2F1hc1ylnym!19sChIJMXDFiohPyxQRbsiTeIXfr48?authuser=0&hl=tr&rclk=1
Nota Sanat Merkezi,"Ovacık, D100 No:34 Symbol Yaşam ve Alışveriş Merkezi, 41200 Başiskele/Kocaeli",0553 184 97 10,info@notasanatmerkezi.com,http://www.notasanatmerkezi.com/,https://www.google.com/maps/place/Yase+Dil+ve+Konu%C5%9Fma+Merkezi/data=!4m7!3m6!1s0x14cb456ba197073d:0xbeb5f7c2c6fe85ca!8m2!3d40.7117974!4d29.9244729!16s%2Fg%2F11sjrqnpz8!19sChIJPQeXoWtFyxQRyoX-xsL3tb4?authuser=0&hl=tr&rclk=1
Şehit Ömür Ertuğrul Sarı Anadolu Lisesi,"Kullar Tepecik, Yakacık Cd. 87/0, 41140 Başiskele/Kocaeli",(0262) 349 41 40,,http://omurertugrulsarianadolulisesi.meb.k12.tr/,https://www.google.com/maps/place/Akademik+International+Yabanc%C4%B1+Dil+Kursu+Kocaeli+Kamp%C3%BCs%C3%BC/data=!4m7!3m6!1s0x14cb456db46853bd:0x8fb0655d2e79337c!8m2!3d40.7625754!4d29.9286186!16s%2Fg%2F11vc1ldn5k!19sChIJvVNotG1FyxQRfDN5Ll1lsI8?authuser=0&hl=tr&rclk=1
Özel İzmit Fatih Akşam Lisesi,"Alikahya Fatih, Sakıp Sabancı Blv. No:90, 41310 İzmit/Kocaeli",0541 630 40 41,"460ff4620fa44cba8df530afde949785@sentry.wixpress.com, ed436f5053144538958ad06a5005e99a@sentry.wixpress.com, 8eb368c655b84e029ed79ad7a5c1718e@sentry.wixpress.com, 605a7baede844d278b89dc95ae0a9123@sentry-next.wixpress.com, c183baa23371454f99f417f6616b724d@sentry.wixpress.com, 1eeb89147c984dc6bc3ffafd9e6cd089@sentry.wixpress.com, 54b4aac306184111a223c0f4aea635c3@sentry.wixpress.com, 8c4075d5481d476e945486754f783364@sentry.io, izmitfatihaksamlisesi@gmail.com, 9a65e97ebe8141fca0c4fd686f70996b@sentry.wixpress.com, react-dom@18.3.1, dd0a55ccb8124b9c9d938e3acf41f8aa@sentry.wixpress.com, core-js-bundle@3.2.1, 271e9fa3230b4eec94b02bf95780f5f2@sentry.wixpress.com, focus-within-polyfill@5.0.9, react@18.3.1, 2062d0a4929b45348643784b5cb39c36@sentry.wixpress.com, lodash@4.17.21, 88170cb0c9d64f94b5821ca7fd2d55a4@sentry-next.wixpress.com",https://www.izmitfatihaksamlisesi.com/,https://www.google.com/maps/place/Nota+Sanat+Merkezi/data=!4m7!3m6!1s0x14cb45812c24f09d:0x6779d25c6ffd4943!8m2!3d40.7585913!4d29.9790307!16s%2Fg%2F11c6s58tly!19sChIJnfAkLIFFyxQRQ0n9b1zSeWc?authuser=0&hl=tr&rclk=1
Gazi Lisesi,"Ömerağa, Alemdar Cd. No:57, 41040 Merkez/İzmit/Kocaeli",(0262) 321 21 41,,N/A,https://www.google.com/maps/place/%C5%9Eehit+%C3%96m%C3%BCr+Ertu%C4%9Frul+Sar%C4%B1+Anadolu+Lisesi/data=!4m7!3m6!1s0x14cb5bf2bb97340f:0x14bd72c19a6c17f6!8m2!3d40.7121109!4d29.9851851!16s%2Fg%2F11fmvkc_p8!19sChIJDzSXu_JbyxQR9hdsmsFyvRQ?authuser=0&hl=tr&rclk=1
Çocuk Kasabası Anaokulu,"Damlar, Mahmut Çavuş Cd. No:70, 41245 Başiskele/Kocaeli",(0262) 342 32 02,bilgi@cocukkasabasi.com.tr,http://www.cocukkasabasi.com.tr/,https://www.google.com/maps/place/%C3%96zel+%C4%B0zmit+Fatih+Ak%C5%9Fam+Lisesi/data=!4m7!3m6!1s0x14cb51fbf3e4ad69:0x8e156056b30b72d3!8m2!3d40.771474!4d29.9947475!16s%2Fg%2F11h58zx4m2!19sChIJaa3k8_tRyxQR03ILs1ZgFY4?authuser=0&hl=tr&rclk=1
Özel direksiyon dersi,"Serdar, Emek Sk. No:16, 41190 Başiskele/Kocaeli",0530 782 05 77,,N/A,https://www.google.com/maps/place/Gazi+Lisesi/data=!4m7!3m6!1s0x14cb45801d6a5331:0x991059bac42ecabe!8m2!3d40.7657083!4d29.9276913!16s%2Fg%2F1tmsn5jj!19sChIJMVNqHYBFyxQRvsouxLpZEJk?authuser=0&hl=tr&rclk=1
KO-MEK Mehmet Ali Paşa Kurs Merkezi,"MEHMET ALİ PAŞA MAH, Eren Sk. NO:1, 41100 İzmit/Kocaeli",(0262) 325 67 25,komek@kocaeli.bel.tr,https://www.komek.org/kursmerkezleri/detay/40/mehmet-ali-pasa,https://www.google.com/maps/place/%C3%87ocuk+Kasabas%C4%B1+Anaokulu/data=!4m7!3m6!1s0x14cb44785310cf39:0x1dfd6846418c1b68!8m2!3d40.6994932!4d29.9187497!16s%2Fg%2F11ckd95wjg!19sChIJOc8QU3hEyxQRaBuMQUZo_R0?authuser=0&hl=tr&rclk=1
Kocaeli Meslek Yüksekokulu,"Yaylacık, Mahmutpaşa Cd No:151, 41140 Başiskele/Kocaeli",(0262) 349 43 51,,http://kmyo.kocaeli.edu.tr/,https://www.google.com/maps/place/KO-MEK+Mehmet+Ali+Pa%C5%9Fa+Kurs+Merkezi/data=!4m7!3m6!1s0x14cb4fed0b3aed3b:0xbf2bf189bcae3a4e!8m2!3d40.7693859!4d29.9538363!16s%2Fg%2F11cs5zm5s8!19sChIJO-06C-1PyxQRTjquvInxK78?authuser=0&hl=tr&rclk=1
Özel Nazmi Arıkan İzmit Temel Lisesi,"Ömerağa, Sabri Ekmen Sk. No:5, 41300 İzmit/Kocaeli",(0262) 325 83 95,,N/A,https://www.google.com/maps/place/Kocaeli+Meslek+Y%C3%BCksekokulu/data=!4m7!3m6!1s0x14cb452c39e5717b:0x4fed2448ab2e1724!8m2!3d40.7236206!4d29.9695035!16s%2Fg%2F1tgw77my!19sChIJe3HlOSxFyxQRJBcuq0gk7U8?authuser=0&hl=tr&rclk=1
Kocaeli Education,"Cumhuriyet Cad. Kemalpaşa Mah. NecipPeker İş Hanı. Kat:3. No:74, 41100 İzmit/Kocaeli",0543 537 74 19,,http://kocaeliegitim.com/,https://www.google.com/maps/place/%C4%B0zmit+%C4%B0ngilizce+Kursu/data=!4m7!3m6!1s0x14cb451880c277d3:0xaa68d45c3eda0ac7!8m2!3d40.7629757!4d29.9323544!16s%2Fg%2F11ry7d49zd!19sChIJ03fCgBhFyxQRxwraPlzUaKo?authuser=0&hl=tr&rclk=1
Kocaeli Amerikan Kültür Yabancı Dil Kursu,"Ömerağa, Latif Bey Sk. No:108, 41100 İzmit/Kocaeli",(0262) 323 67 97,,N/A,https://www.google.com/maps/place/Kocaeli+Education/data=!4m7!3m6!1s0x14cb4f88ed2ad047:0x35f6fdc17627ab45!8m2!3d40.7654408!4d29.9408089!16s%2Fg%2F11rz3t6bm_!19sChIJR9Aq7YhPyxQRRasndsH99jU?authuser=0&hl=tr&rclk=1
Yeni Nesil Akademi,"Ömerağa, Şahabettin Bilgisu Cd. No:9, 41001 İzmit/Kocaeli",0531 724 46 41,"605a7baede844d278b89dc95ae0a9123@sentry-next.wixpress.com, react-dom@18.3.1, c183baa23371454f99f417f6616b724d@sentry.wixpress.com, 9b2d036865304345b559aff283cf26f3@sentry.wixpress.com, react@18.3.1, 18d2f96d279149989b95faf0a4b41882@sentry-next.wixpress.com, dd0a55ccb8124b9c9d938e3acf41f8aa@sentry.wixpress.com, core-js-bundle@3.2.1, 460ff4620fa44cba8df530afde949785@sentry.wixpress.com, focus-within-polyfill@5.0.9, 271e9fa3230b4eec94b02bf95780f5f2@sentry.wixpress.com, 8c4075d5481d476e945486754f783364@sentry.io, ed436f5053144538958ad06a5005e99a@sentry.wixpress.com, 5d1795a2db124a268f1e1bd88f503500@sentry.wixpress.com, 8eb368c655b84e029ed79ad7a5c1718e@sentry.wixpress.com, lodash@4.17.21",http://www.yeninesilakademiegitimkurumu.com/,https://www.google.com/maps/place/Kocaeli+Merkez+%C4%B0%C5%9F+Makinesi+ve+S%C3%BCr%C3%BCc%C3%BC+Kursu/data=!4m7!3m6!1s0x14cb4f94f9856835:0xa7d7097acd3e4b81!8m2!3d40.7633892!4d29.9259769!16s%2Fg%2F1tm2vk5k!19sChIJNWiF-ZRPyxQRgUs-zXoJ16c?authuser=0&hl=tr&rclk=1
Kullar Ortaokulu,"Mehmetağa, Karamürsel Cd., 41140 Başiskele/Kocaeli",(0262) 349 30 38,,N/A,https://www.google.com/maps/place/Yeni+Nesil+Akademi/data=!4m7!3m6!1s0x894239b89a2dba3b:0x54f07ac06bc21379!8m2!3d40.7623014!4d29.9269893!16s%2Fg%2F11y3cjf6r0!19sChIJO7otmrg5QokReRPCa8B68FQ?authuser=0&hl=tr&rclk=1
Kocaeli Kokpit Koleji,"Barbaros, Mahmut Çavuş Cd. No:13, 41090 Başiskele/Kocaeli",(0262) 414 34 41,,http://www.kokpitkoleji.com/,https://www.google.com/maps/place/Kullar+Ortaokulu/data=!4m7!3m6!1s0x14cb5ae981b0b0fd:0x83bf3170ae87693d!8m2!3d40.722231!4d29.999952!16s%2Fg%2F12ml2ldzy!19sChIJ_bCwgelayxQRPWmHrnAxv4M?authuser=0&hl=tr&rclk=1
Denizdibi İlköğretim Okulu,"Vezirçiftliği, Ada Yolu, 41140 Başiskele/Kocaeli (İzmit)",(0262) 341 21 41,,N/A,https://www.google.com/maps/place/%C3%96zel+%C4%B0zmit+Kumru+Sanat+M%C3%BCzik+Kursu/data=!4m7!3m6!1s0x14cb50265c2c87c9:0xc13b76c96a6f0aaa!8m2!3d40.7761682!4d29.9784404!16s%2Fg%2F11cjn4x2bf!19sChIJyYcsXCZQyxQRqgpvasl2O8E?authuser=0&hl=tr&rclk=1
Ulugazi İlkokul,"Karabaş, Hürriyet Cd. No:153, 41040 İzmit/Kocaeli",(0262) 321 11 20,,http://ulugazi.meb.k12.tr/,https://www.google.com/maps/place/Denizdibi+%C4%B0lk%C3%B6%C4%9Fretim+Okulu/data=!4m7!3m6!1s0x14cb46bc11381ad3:0x3ef63e6893c98ccd!8m2!3d40.74525!4d29.9563481!16s%2Fg%2F113j5l_3w!19sChIJ0xo4EbxGyxQRzYzJk2g-9j4?authuser=0&hl=tr&rclk=1
Kocaeli Güzel Sanatlar Lisesi,"Uzunçiftlik, Öter Sk. No:17, 41180 Kartepe/Kocaeli",(0262) 343 32 09,,N/A,https://www.google.com/maps/place/alber+seymen+s%C3%BCr%C3%BCc%C3%BC+kursu/data=!4m7!3m6!1s0x14cb45473ca60afd:0x7f46d77c3e8ac99c!8m2!3d40.7099529!4d29.9031794!16s%2Fg%2F11t4h3lmfc!19sChIJ_QqmPEdFyxQRnMmKPnzXRn8?authuser=0&hl=tr&rclk=1
Askeri Liseler,"Kadıköy, 41050 İzmit/Kocaeli",,,N/A,https://www.google.com/maps/place/Ulugazi+%C4%B0lkokul/data=!4m7!3m6!1s0x14cb457e192d0b85:0x3eadd7a814106bb1!8m2!3d40.764426!4d29.932389!16s%2Fg%2F1tjbbj5z!19sChIJhQstGX5FyxQRsWsQFKjXrT4?authuser=0&hl=tr&rclk=1
Nuh Çimento Kız Mesleki ve Teknik Anadolu Lisesi,"Serdar, İsmail Ayyıldız Hoca Sk. No2/1, 41200 İzmit/Kocaeli",(0262) 321 70 18,,http://nuhcimentokizmtal.meb.k12.tr/,https://www.google.com/maps/place/Kocaeli+G%C3%BCzel+Sanatlar+Lisesi/data=!4m7!3m6!1s0x14cb51d1170486e7:0xec93c44c3f2293fb!8m2!3d40.7525321!4d30.0541801!16s%2Fg%2F11jnm28xd8!19sChIJ54YEF9FRyxQR-5MiP0zEk-w?authuser=0&hl=tr&rclk=1
Başiskele Ortaokulu,"Serdar, Pasinler Cd. No:18/1, 41190 Başiskele/Kocaeli",(0262) 346 65 53,,https://basiskeleortaokulu.meb.k12.tr/,https://www.google.com/maps/place/Askeri+Liseler/data=!4m7!3m6!1s0x14cb4fa4120e354d:0x5da86ef9939a2644!8m2!3d40.7654408!4d29.9408089!16s%2Fg%2F11h2bxphcd!19sChIJTTUOEqRPyxQRRCaak_luqF0?authuser=0&hl=tr&rclk=1
KARŞIYAKA BARBAROS İLKOKULU,"Barbaros, Turgut Özal Cd. No:11, 41090 Başiskele/Kocaeli",(0262) 343 25 15,,N/A,https://www.google.com/maps/place/Nuh+%C3%87imento+K%C4%B1z+Mesleki+ve+Teknik+Anadolu+Lisesi/data=!4m7!3m6!1s0x14cb458500000001:0xb30d6687dfa0345f!8m2!3d40.7641879!4d29.8902827!16s%2Fg%2F11h7czmgcm!19sChIJAQAAAIVFyxQRXzSg34dmDbM?authuser=0&hl=tr&rclk=1
Yeni Ufuklar Sürücü Kursu,"Karabaş, İskete Sk. No:2, 41040 İzmit/Kocaeli",0552 345 49 38,info@izmitsurucukurslari.com,http://izmitsurucukurslari.com/,https://www.google.com/maps/place/Ba%C5%9Fiskele+Ortaokulu/data=!4m7!3m6!1s0x14cb452c18ddcbb7:0x9b790ac44f759b8d!8m2!3d40.7100564!4d29.9432043!16s%2Fg%2F11vsnvyvm9!19sChIJt8vdGCxFyxQRjZt1T8QKeZs?authuser=0&hl=tr&rclk=1
Easy Speak Yuvam Akarca Şubesi,"Alikahya Fatih, Sultan Murat Cd. No:33/2, 41310 İzmit/Kocaeli",(0262) 311 33 03,,http://easyspeak.com.tr/yahyakaptan,https://www.google.com/maps/place/Mektebim+Koleji+Kocaeli+Bilgi+K%C3%BCp%C3%BC+Merkez+Kamp%C3%BCs%C3%BC/data=!4m7!3m6!1s0x14cb4fe405ab6239:0x6c06f3e170a350a!8m2!3d40.7952709!4d29.9613302!16s%2Fg%2F1tqks16n!19sChIJOWKrBeRPyxQRCjUKFz5vwAY?authuser=0&hl=tr&rclk=1
Izmit,"Körfez, 41245 Başiskele/Kocaeli",,,N/A,https://www.google.com/maps/place/%C3%96zel+Birebir+Bilim+Kamp%C3%BCs%C3%BC+-+%C4%B0zmit+%C3%96zel+Dershane/data=!4m7!3m6!1s0x14cb4fe6ce1d007b:0xdf0660570ef16f12!8m2!3d40.7710557!4d29.9679633!16s%2Fg%2F11dfh_ghc6!19sChIJewAdzuZPyxQREm_xDldgBt8?authuser=0&hl=tr&rclk=1
Amerikan Kultur English Course,"Ömerağa, Latif Bey Sk. No:7, 41300 İzmit/Kocaeli",(0262) 323 67 97,,http://amerikankulturkocaeli.com/,https://www.google.com/maps/place/Easy+Speak+Yuvam+Akarca+%C5%9Eubesi/data=!4m7!3m6!1s0x14cb4f9d1f491205:0x8f5144fca7cffc2d!8m2!3d40.774412!4d29.9803591!16s%2Fg%2F11h6crxd3v!19sChIJBRJJH51PyxQRLfzPp_xEUY8?authuser=0&hl=tr&rclk=1
Alber Psikoteknik İzmit,"Körfez, Gazanfer Bilge Blv. No:7, 41040 İzmit/Kocaeli",(0262) 373 53 41,"bilgi@albersurucukursu.com, info@albersurucukursu.com",http://www.albersurucukursu.com/,https://www.google.com/maps/place/Izmit/data=!4m7!3m6!1s0x14cb45a6e001cca3:0x53935e955a530f48!8m2!3d40.7160261!4d29.9203296!16s%2Fg%2F11sb0k_p_j!19sChIJo8wB4KZFyxQRSA9TWpVek1M?authuser=0&hl=tr&rclk=1
Tevfik Seno Arda Anadolu Lisesi,"Orhan Mh. Saadettin Yalım Cd. Pk:41060 İzmit/kocaeli, 41200",(0262) 323 25 55,,N/A,https://www.google.com/maps/place/Amerikan+Kultur+English+Course/data=!4m7!3m6!1s0x14cb454648fc82db:0x344c357708e9a090!8m2!3d40.7625174!4d29.9270138!16s%2Fg%2F11gphlr41g!19sChIJ24L8SEZFyxQRkKDpCHc1TDQ?authuser=0&hl=tr&rclk=1
Yıldırım Eğitim Kurumları,"Ömerağa, Cemil Karakadılar Cd. Alemdar iş merkezi no:2 K:4, 41300 İzmit/Kocaeli",(0262) 331 80 80,,http://www.yildirimegitimkurumlari.com/,https://www.google.com/maps/place/Alber+Psikoteknik+%C4%B0zmit/data=!4m7!3m6!1s0x14cb429555555555:0x74f4c9e12cbde8ce!8m2!3d40.7697438!4d29.9403546!16s%2Fg%2F11fxb7dc2g!19sChIJVVVVVZVCyxQRzui9LOHJ9HQ?authuser=0&hl=tr&rclk=1
Alber Sürücü Kursu,"Barbaros, Atatürk Cd. No:19 D:3, 41090 Başiskele/Kocaeli",,,N/A,https://www.google.com/maps/place/Tevfik+Seno+Arda+Anadolu+Lisesi/data=!4m7!3m6!1s0x14cb4f7da561ea81:0xc247b5f91970f78!8m2!3d40.770143!4d29.919735!16s%2Fg%2F113h40__j!19sChIJgephpX1PyxQReA-XkV97JAw?authuser=0&hl=tr&rclk=1
Kullar Hacı Mustafa Özsoy İlkokulu,"Yaylacık, Galip Erenoğlu Cd. No:124, 41140 Başiskele/Kocaeli",(0262) 349 27 60,,https://kullarhacimustafaozsoyilkokulu.meb.k12.tr/,https://www.google.com/maps/place/Y%C4%B1ld%C4%B1r%C4%B1m+E%C4%9Fitim+Kurumlar%C4%B1/data=!4m7!3m6!1s0x14cb47600ccf2fad:0x82971bb830e93a00!8m2!3d40.7632295!4d29.9287221!16s%2Fg%2F1hc18g_w2!19sChIJrS_PDGBHyxQRADrpMLgbl4I?authuser=0&hl=tr&rclk=1
Özel İzmit Kumru Sanat Müzik Kursu,"Alikahya Fatih, İskefiye Sk. No:3B, 41310 İzmit/Kocaeli",0530 200 10 78,"bootstrap-icons@1.4.1, kumrusanatokulu@gmail.com, bootstrap@5.0.0",https://www.kumrusanat.com.tr/,https://www.google.com/maps/place/Alber+S%C3%BCr%C3%BCc%C3%BC+Kursu/data=!4m7!3m6!1s0x14cb45de52e23c43:0x9928819343428c5!8m2!3d40.7117081!4d29.9290823!16s%2Fg%2F11f669jpmc!19sChIJQzziUt5FyxQRxSg0NBmIkgk?authuser=0&hl=tr&rclk=1
TED Kocaeli Koleji,"Fatih Mh, Galip Erenoğlu Cd. No:10, 41000 Yuvacık Başiskele/Başiskele/Kocaeli",(0262) 281 41 41,,N/A,https://www.google.com/maps/place/Kullar+Hac%C4%B1+Mustafa+%C3%96zsoy+%C4%B0lkokulu/data=!4m7!3m6!1s0x14cb452b68ece407:0x91c03962ab054de5!8m2!3d40.7205727!4d29.9722919!16s%2Fg%2F1tfwsh2_!19sChIJB-TsaCtFyxQR5U0Fq2I5wJE?authuser=0&hl=tr&rclk=1
Kocaeli Anadolu Lisesi,"Yeniköy, Karşıyaka, Maket Sk. No:7, 41275 Başiskele/Kocaeli",(0262) 344 26 91,,N/A,https://www.google.com/maps/place/%C3%96zel+%C4%B0zmit+Kumru+Sanat+M%C3%BCzik+Kursu/data=!4m7!3m6!1s0x14cb50265c2c87c9:0xc13b76c96a6f0aaa!8m2!3d40.776168!4d29.97844!16s%2Fg%2F11cjn4x2bf!19sChIJyYcsXCZQyxQRqgpvasl2O8E?authuser=0&hl=tr&rclk=1
Levent Kırca- Oya Başar Ortaokulu,"Yeşilyurt, Hurlu Sk. No:6, 41190, 41190 Başiskele/Kocaeli",,,N/A,https://www.google.com/maps/place/TED+Kocaeli+Koleji/data=!4m7!3m6!1s0x14cb44d029acdaa3:0xcbfaeb353156819d!8m2!3d40.7095497!4d29.9653442!16s%2Fg%2F11bytnf9rj!19sChIJo9qsKdBEyxQRnYFWMTXr-ss?authuser=0&hl=tr&rclk=1
"İzmit İngiliz Kültür Dil Kursu - İngilizce, Almanca, İspanyolca, Rusça, İtalyanca, Fransızca Yabancı Dil Kursu","Ömerağa, Latif Bey Sk. No:9 Kat:2, 41300 İzmit/Kocaeli",0555 988 41 41,kocaeliizmit@ingilizkultur.com,https://izmitingilizkultur.com/,https://www.google.com/maps/place/Kocaeli+Anadolu+Lisesi/data=!4m7!3m6!1s0x14cb44dc607d67e9:0x1682e8fbdc9729e4!8m2!3d40.709619!4d29.894403!16s%2Fg%2F11c1nhphn2!19sChIJ6Wd9YNxEyxQR5CmX3PvoghY?authuser=0&hl=tr&rclk=1
Kocaeli Matrix Yazılım Lisesi,"Barbaros, Mahmut Çavuş Cd. No:13, 41090 Başiskele/Kocaeli",(0262) 414 34 41,,http://www.matrixkoleji.com/,https://www.google.com/maps/place/Levent+K%C4%B1rca-+Oya+Ba%C5%9Far+Ortaokulu/data=!4m7!3m6!1s0x14cb45121f673b2b:0x65cb37b3289a1424!8m2!3d40.7187202!4d29.9507159!16s%2Fg%2F11hyndxbwt!19sChIJKztnHxJFyxQRJBSaKLM3y2U?authuser=0&hl=tr&rclk=1
Bekirdere Üçyol Sürücü Kursu,"Mehmet Ali Paşa Mah. Adnan Menderes Bulv. Balkan - Gül İşhanı, Kat:3, 41050 İzmit/Kocaeli",0507 004 05 22,info@izmitsurucukurslari.com,http://www.izmitsurucukurslari.com/,https://www.google.com/maps/place/Kocaeli+Matrix+Yaz%C4%B1l%C4%B1m+Lisesi/data=!4m7!3m6!1s0x14cb450babe69f61:0x2a9878e1f5bf8df0!8m2!3d40.708928!4d29.9233748!16s%2Fg%2F11sm7mt80z!19sChIJYZ_mqwtFyxQR8I2_9eF4mCo?authuser=0&hl=tr&rclk=1
İZMİTİM SRC KURSU,"Mahallesi, Yahyakaptan, Şht. Ali İhsan Çakmak Sk. No: 32 Kat :1, 41100 İzmit/Kocaeli",(0262) 321 04 60,info@izmitimsurucukursu.net,http://www.izmitimsurucukursu.net/,https://www.google.com/maps/place/Kocaeli+American+Vip+Dil+Kursu/data=!4m7!3m6!1s0x14cb4fa3e0f21787:0x9b23e852247f70c2!8m2!3d40.7675825!4d29.9660366!16s%2Fg%2F11pb0zh8nf!19sChIJhxfy4KNPyxQRwnB_JFLoI5s?authuser=0&hl=tr&rclk=1
Başiskele Kız Anadolu İmam Hatip Lisesi,"Altınkent, 29 Ekim Cd. No:102, 41090 Başiskele/Kocaeli",(0262) 346 80 66,,https://basiskelekizanadoluihl.meb.k12.tr/tema/index.php,https://www.google.com/maps/place/M%C3%BCzehhibe+Fatma+Ayd%C4%B1n+K%C4%B1z+Anadolu+%C4%B0mam+Hatip+Lisesi/data=!4m7!3m6!1s0x14cb5bf840b3eac1:0x2d3a0afe295e0782!8m2!3d40.7039515!4d29.9741708!16s%2Fg%2F11v6x0js19!19sChIJweqzQPhbyxQRggdeKf4KOi0?authuser=0&hl=tr&rclk=1
KULLAR EKİP SÜRÜCÜ KURSU BAŞİSKELE,"Mehmetağa, Kullar Cad. NO: 43, 41190 Başiskele/Kocaeli",0507 583 85 41,kullarekipmtsk@gmail.com,https://www.ekipsurucukurslari.com/,https://www.google.com/maps/place/Ba%C5%9Fiskele+K%C4%B1z+Anadolu+%C4%B0mam+Hatip+Lisesi/data=!4m7!3m6!1s0x14cb449987e54ef7:0xd22f143372dfb316!8m2!3d40.694645!4d29.94498!16s%2Fg%2F11csb2p76k!19sChIJ907lh5lEyxQRFrPfcjMUL9I?authuser=0&hl=tr&rclk=1
Vezirçiftliği Ortaokulu,"lı No14/, Karadenizliler, Fakülte Cd. No:1, 41140 Başiskele/Kocaeli",(0262) 349 31 00,,http://vezirciftligiortaokulu.meb.k12.tr/,https://www.google.com/maps/place/Ekol+Sanat+Akademi/data=!4m7!3m6!1s0x57f2a4bd887c6df:0xf080470f1e0bfffd!8m2!3d40.7628186!4d29.9636758!16s%2Fg%2F11lmhs1tsl!19sChIJ38aH2EsqfwUR_f8LHg9HgPA?authuser=0&hl=tr&rclk=1
Kartepe Lale Sürücü Kursu,"Fatih Sultan Mehmet, 17 Ağustos Cd. No:16B, 41080 Kartepe/Kocaeli",0553 692 16 92,info@lalesurucukurslari.com,http://www.lalesurucukurslari.com/,https://www.google.com/maps/place/KULLAR+EK%C4%B0P+S%C3%9CR%C3%9CC%C3%9C+KURSU+BA%C5%9E%C4%B0SKELE/data=!4m7!3m6!1s0x14cb5bf896846037:0x84ea7f2498d1792a!8m2!3d40.7267528!4d29.9889555!16s%2Fg%2F11s3qq06zc!19sChIJN2CElvhbyxQRKnnRmCR_6oQ?authuser=0&hl=tr&rclk=1
Servetiye Cephesi Anadolu Lisesi,"Seymen, Cuma Sk. 3-15, 41245 Başiskele/Kocaeli",(0262) 343 42 98,,https://servetiyecephesianadolulisesi.meb.k12.tr/tema/okulumuz_hakkinda.php,https://www.google.com/maps/place/Vezir%C3%A7iftli%C4%9Fi+Ortaokulu/data=!4m7!3m6!1s0x14cb4545998a5935:0x6e9925c913c41807!8m2!3d40.7444679!4d29.9613972!16s%2Fg%2F1tpb89vn!19sChIJNVmKmUVFyxQRBxjEE8klmW4?authuser=0&hl=tr&rclk=1
English Time Dil Okulu İzmit İngilizce Kursu,"Karabaş, Cebesoy Sk. No:16, 41040 İzmit/Kocaeli",(0262) 332 08 98,"info@englishtime.com, izmitsube@englishtime.com",https://englishtime.com/izmit,https://www.google.com/maps/place/Kartepe+Lale+S%C3%BCr%C3%BCc%C3%BC+Kursu/data=!4m7!3m6!1s0x14cb51c9a40c00f1:0x1cb007e61841b95e!8m2!3d40.7428791!4d30.0138139!16s%2Fg%2F11rxyd6mj3!19sChIJ8QAMpMlRyxQRXrlBGOYHsBw?authuser=0&hl=tr&rclk=1
British Town Language Schools,"Ömerağa, 41300 İzmit/Kocaeli",,,N/A,https://www.google.com/maps/place/English+Time+Dil+Okulu+%C4%B0zmit+%C4%B0ngilizce+Kursu/data=!4m7!3m6!1s0x14cb457ef5d0c387:0x680644184098dea1!8m2!3d40.7628491!4d29.9323929!16s%2Fg%2F1xnz20zy!19sChIJh8PQ9X5FyxQRod6YQBhEBmg?authuser=0&hl=tr&rclk=1
Mektebim Koleji Bilgi Küpü Başiskele Kampüsü,"Körfez, Yunuslar Sk. No:2, 41245 Başiskele/Kocaeli",0552 475 50 41,"select2@4.1.0-rc.0, bootstrap@5.1.3, jquery@3.4.1, printthis@0.1.5, js-cookie@2.2.1, aos@2.3.4, jquery-datetimepicker@2.5.21, moment@2.24.0, jquery-validation@1.19.2, jquery-mask-plugin@1.14.16, swiper-animation@6.0.2, info@mektebim.k12.tr, animate.css@4.1.1, inputmask@4.0.8, plyr@3.6.12, fancybox@3.5.7",https://www.mektebim.k12.tr/kocaeli-bilgi-kupu-basiskele-kampusu,https://www.google.com/maps/place/British+Town+Language+Schools/data=!4m7!3m6!1s0x14cb457f9d07f1a5:0x5badba8ee329018c!8m2!3d40.7636842!4d29.9286671!16s%2Fg%2F11gd_kf1zw!19sChIJpfEHnX9FyxQRjAEp4466rVs?authuser=0&hl=tr&rclk=1
İzmit Uluğbey Anadolu Lisesi,"Kuruçeşme Fatih, Barış Cd. No:78/1, 41100 İzmit/Kocaeli",(0262) 226 45 20,,N/A,https://www.google.com/maps/place/Mektebim+Koleji+Bilgi+K%C3%BCp%C3%BC+Ba%C5%9Fiskele+Kamp%C3%BCs%C3%BC/data=!4m7!3m6!1s0x14cb45cb95fb3b27:0x7ad6d4ace6409d94!8m2!3d40.7133252!4d29.9216848!16s%2Fg%2F11txf81tbw!19sChIJJzv7lctFyxQRlJ1A5qzU1no?authuser=0&hl=tr&rclk=1
İZMİT İŞCAN SÜRÜCÜ KURSU,"Ömerağa, Akça Cami Cd. NO:20/1-4, 41100 İzmit/Kocaeli",0507 470 57 97,,N/A,https://www.google.com/maps/place/KO-MEK+Yuvac%C4%B1k+Kurs+Merkezi/data=!4m7!3m6!1s0x14cb44af0ff9df4b:0xfbfcfbd4bba4435b!8m2!3d40.6879247!4d29.9646544!16s%2Fg%2F11c5stzndp!19sChIJS9_5D69EyxQRW0Oku9T7_Ps?authuser=0&hl=tr&rclk=1
Özel İçses Müzik ve Sanat Akademisi Kursu,"Hacıhasan, İnönü Cd. No:45/1-2, 41200 İzmit/Kocaeli",0552 463 11 41,,http://www.icsesakademi.com/,https://www.google.com/maps/place/%C4%B0zmit+Ulu%C4%9Fbey+Anadolu+Lisesi/data=!4m7!3m6!1s0x14cb474ebfbb38ed:0x88f85265de7a1c88!8m2!3d40.7657992!4d29.8679227!16s%2Fg%2F11rsv8cd9y!19sChIJ7Ti7v05HyxQRiBx63mVS-Ig?authuser=0&hl=tr&rclk=1
Amerikan Kültür Derneği Dil Okulları,"Karabaş, Leyla Atakan Cd. No:7, 41100 İzmit/Kocaeli",(0262) 321 11 40,"info@areswebtasarim.com, info@amerikankultur.org.tr, notiflix@2.7.0",http://www.amerikankultur.org.tr/,https://www.google.com/maps/place/%C3%96zel+%C4%B0%C3%A7ses+M%C3%BCzik+ve+Sanat+Akademisi+Kursu/data=!4m7!3m6!1s0x14cb456df6d44477:0x8ee70313172ff0f1!8m2!3d40.7643935!4d29.9219099!16s%2Fg%2F11wbkjw_qz!19sChIJd0TU9m1FyxQR8fAvFxMD544?authuser=0&hl=tr&rclk=1
Özel Seymen Eğitim Kurumları,"Yeni Otogar Karşısı, Yahyakaptan Mh Yahyakaptan Şehit Ergün Köncü Sok, Yahyakaptan, Seymen Cd. No:81, 41050 İzmit/Kocaeli",(0262) 311 76 20,,http://seymenkolej.com/,https://www.google.com/maps/place/Gen%C3%A7ler+S%C3%BCr%C3%BCc%C3%BC+Kursu+%C4%B0zmit%2FKocaeli/data=!4m7!3m6!1s0x14cb457df14e0a4f:0x8fe1222987c58c0b!8m2!3d40.7637918!4d29.9345004!16s%2Fg%2F1tdv8_v_!19sChIJTwpO8X1FyxQRC4zFhyki4Y8?authuser=0&hl=tr&rclk=1
BAŞİSKELE ÖĞRENME ATÖLYESİ,"Yeşilyurt, Mahmutpaşa Cd NO:4, 41190 Başiskele/Kocaeli",(0262) 344 34 60,"bootstrap@5.1.3, bootstrap-icons@1.10.5, core@2.10.2",http://izmitogrenmeatolyesi.com.tr/,https://www.google.com/maps/place/Amerikan+K%C3%BClt%C3%BCr+Derne%C4%9Fi+Dil+Okullar%C4%B1/data=!4m7!3m6!1s0x14cb457dc1d324bf:0xf7d6f033cc5b6142!8m2!3d40.7630699!4d29.9347018!16s%2Fg%2F12m90xjck!19sChIJvyTTwX1FyxQRQmFbzDPw1vc?authuser=0&hl=tr&rclk=1
Kocaeli Üniversitesi İlahiyat Fakültesi,"Kocaeli Üniversitesi Umuttepe Yerleşkesi İlahiyat Fakültesi, 41380 İzmit/Kocaeli",(0262) 303 45 01,,http://ilahiyat.kocaeli.edu.tr/,https://www.google.com/maps/place/BA%C5%9E%C4%B0SKELE+%C3%96%C4%9ERENME+AT%C3%96LYES%C4%B0/data=!4m7!3m6!1s0x14cb45ef63d8b0c7:0xfc5e4a1d0259d9e2!8m2!3d40.7226004!4d29.9509634!16s%2Fg%2F11w7mkzh7b!19sChIJx7DYY-9FyxQR4tlZAh1KXvw?authuser=0&hl=tr&rclk=1
Kocaeli Üniversitesi Umuttepe Kampüsü B Kapısı,"Kabaoğlu, 41000 İzmit/Kocaeli",(0262) 303 10 00,,N/A,https://www.google.com/maps/place/Ba%C5%9Fiskele+AAD+K%C3%BClliye/data=!4m7!3m6!1s0x14cb5bbe06be715d:0x903caa677686faa6!8m2!3d40.726277!4d29.9744686!16s%2Fg%2F11sk8bx7t8!19sChIJXXG-Br5byxQRpvqGdmeqPJA?authuser=0&hl=tr&rclk=1
Muallim Naci Anadolu Lisesi,"Malta, Aktürk Sk. No:3, 41060 İzmit/Kocaeli",(0262) 329 24 33,,N/A,https://www.google.com/maps/place/KO-MEK+Yenik%C3%B6y+Kurs+Merkezi/data=!4m7!3m6!1s0x14cb4543f4aa80a9:0x2737568a0e4ecf71!8m2!3d40.7011571!4d29.8875695!16s%2Fg%2F11g__vnfn!19sChIJqYCq9ENFyxQRcc9ODopWNyc?authuser=0&hl=tr&rclk=1
Bahçecik Mesleki ve Teknik Anadolu Lisesi,"Seymen, Dirikan Cd. No:5, 41245 Başiskele/Kocaeli",(0262) 343 42 62,,N/A,https://www.google.com/maps/place/Kocaeli+%C3%9Cniversitesi+Umuttepe+Kamp%C3%BCs%C3%BC+B+Kap%C4%B1s%C4%B1/data=!4m7!3m6!1s0x14cb4e8ad751f097:0xdb29061ce8f77254!8m2!3d40.8232866!4d29.9254006!16s%2Fg%2F113gdqmhf!19sChIJl_BR14pOyxQRVHL36BwGKds?authuser=0&hl=tr&rclk=1
Kocaeli Anadolu Lisesi (Yeni Hizmet Binası),"No:, Karşıyaka, Maket Sk. No:17, 41275 Başiskele/Kocaeli",,,N/A,https://www.google.com/maps/place/Muallim+Naci+Anadolu+Lisesi/data=!4m7!3m6!1s0x14cb4fb487a2e79d:0xf988d8d7f7fb8670!8m2!3d40.7956712!4d29.9463552!16s%2Fg%2F1tj5h5ks!19sChIJneeih7RPyxQRcIb799fYiPk?authuser=0&hl=tr&rclk=1
